课程名称,学分
地基处理,2
毕业设计（论文）（工业设计）,15.0
论文报告,2
毕业设计（论文）（艺术设计）,13.0
音乐理论基础,3
西方音乐史,3
国有资产管理与资本经营,3
电力电子课程设计,2
行政管理论文报告,1
智能仪表课程设计,2
公共部门人力资源管理,3
毕业设计（论文）（文化艺术管理）,18
天然药物化学,2
药物设计与开发Ⅰ（中药及化学药）,2
药物化学,3
系统生物学,2
化工工艺学,3
毕业论文(汉语言文学专业),17
公共经济与经济政策概论（B类）,3
电子测量技术与仪器,2
管理信息系统,3
毕业设计（论文）（广播影视编导）,15
毕业设计（论文）（传播学）,15
财务管理,3
通信基本电路与实验,4
通信基本电路与实验,4
电力系统自动化,3
电气工程基础（2）,2
电气工程基础（2）,2
电气工程基础（2）,2
电气工程基础（2）,2
电力系统暂态分析,2
电力系统暂态分析,2
电力系统暂态分析,2
固体废弃物处理和处置,3
租船运营管理与实务,2
日语精读（M类）（1）,6
日语精读（M类）（1）,6
西方园林艺术,2.0
弹性理论（2）,2.5
中国文化概论,3
跨文化交流,3
工程材料,3
机电系统设计与实践,3
机电系统设计与实践,3
机电系统设计与实践,3
机电系统设计与实践,3
文化资源学概论,2
西方现代文化思潮概论,3
专业实习（文化艺术管理）,20
文化市场营销,3
日语视听说（M类）（1）,3
日语视听说（M类）（1）,3
国际航运管理,2
DSP实践,2
分布式系统,3
企业级应用系统体系架构,3
数据仓库与数据挖掘,3
可编程控制器原理及应用,2
企业信息系统综合设计与实现,3
网络系统与控制,4
制造实践(B类),2
空间导向设计,3.0
制造实践(A类),4
品牌形象设计,3.0
广告设计（2）,6.0
医学仪器原理,3
致远学术报告,1
毕业设计（论文）（数学与应用数学）（A类）,6
毕业设计（论文）（生物科学）（A类）,6
毕业设计(论文)(物理学)（A类）,6
机械与动力综合实验(2),3
机械与动力综合实验(2),3
金融学论文报告（A类）,4
国际经济与贸易论文报告（A类）,4
财务管理,3
管理会计,3
财务会计信息系统,3
聚合物成型加工原理,2
宏微观经济学,3
材料综合实验（2）,3
材料工程论坛,2
材料加工原理,5
材料加工原理,5
材料物理性能,2
材料应用与实践,2
材料微观结构与化学表征,4
数字图像处理与模式分析,4
高电压工程,4
数字信号处理,4
毕业设计（论文）（IEEE）,16
新能源综合实验,3
核科学与核技术实验,3
工业工程综合实验,2
管理学原理（C类）,3
管理学原理（C类）,3
管理学原理（C类）,3
管理学原理（C类）,3
大数据挖掘,2
智能天线与多维阵列,2
应用数学方法（2）,4
国际政治导论,4
材料机械性能（J类）,4
飞行器结构力学,3
飞行器设计（C类）,3
航空航天实验II,2
毕业设计（论文）（航空航天工程）,10
推进原理,4
核反应堆热工水力,3
两相流动与传热,2
核反应堆安全分析,2
材料性能（2－物理性能）,2
工程材料导论,4
宏微观经济学,3
食品微生物实验,1.5
食品微生物实验,1.5
食品微生物学,2
工程实践与科技创新Ⅲ-F,2
工程实践与科技创新Ⅳ-E,2
数字图像处理与应用,3
数字信号处理技术与应用,2
移动机器人,2
网络系统与控制,3
通信基本电路与实验,4
多媒体通信系统与实现,2
材料组织结构的表征,4
材料组织结构的表征,4
传输与交换光子学,2
信息论基础,2
光量子学基础,2
基因工程与功能性食品,2
食品机械与设备,2
建筑结构抗震,2
基坑工程课程设计,2
弹性力学及有限元,2
现代控制理论（B类）,3
非线性系统,1
宏微观经济学,3
宏微观经济学,3
宏微观经济学,3
宏微观经济学,3
宏微观经济学,3
高分子材料,2
宏微观经济学,3
生产实习（材料）,3
VLSI数字通信原理与设计,4
毕业设计（论文）（建筑学）,17
管理学原理（A类）,2
中国文学基础,2
毕业设计（论文）（化学）（A类）,5
毕业设计（论文）（生物医学工程）,6
德语（1）,2
德语（2）,2
生化分离工程,2
生物统计与数学模型,3
人机界面与交互,3
游戏设计与开发,3
宏微观经济学,3
高分子研究方法,2
高分子科学实验,2
社会实习（传播学）（2）,10
英语新闻阅读与写作,3
嵌入式系统应用技术课程设计,2
运动控制系统综合实验,2
电力系统应用综合实验,2
微电网控制系统综合实验,2
机械与动力综合实验I-B,1
先进微纳加工技术,2
教学实践,2
毕业设计（论文）（计算机科学）（A类）,10
毕业设计(论文)(应用化学),15
毕业设计(论文)(应用化学),15
移动互联网,4
数据挖掘技术,4
计算机网络,4
机器学习,4
机器学习,4
数据科学基础,3
电气与电子测量技术,2
电气与电子测量技术,2
世界贸易组织概论,3
国际贸易理论与政策,3
国际贸易理论与政策,3
德语（2）,2
德语（6）,2
药物分析,3
电气与电子测量技术,2
电气与电子测量技术,2
材料性能（2－物理性能）,2
材料激光加工技术,2
生产实习（材料）,3
高等光学,3
流体力学,3
毕业设计（论文）园林专业,10
计算物理,3.0
生物物理,3
激光原理与技术,3
物理专业实验,3
景观设计（3）,6.0
雕塑,4.0
机械动力学,3
计算材料学,3
计算材料学,3
材料综合实验（2）,3
材料综合实验（2）,3
天文观测与天体物理,3
粒子物理与核物理实验方法,3
国际经济法（B类）,2
法理学（B类）,2
宪法,2
经济法,3
国际贸易理论与政策,3
核电厂系统与设备,2
动态测试与分析技术,2.5
毕业设计（论文）,16
精细化工导论,1
化工应用数学,2
专业英语,2
化工安全工程概论,1
化工产品工程,1
电化学系统,1
化工原理实验(下),2
混凝土结构与砌体结构设计,3
建筑工程施工,2
地下工程施工,2
工程可靠性与国内外规范,2
风景园林规划设计（2）,1.5
中医药文化,2
生物技术药物,2
生物制药工艺学,2
药学统计学,2
毕业设计(论文)(环境科学与工程),8
环境工程实验,2
环境科学实验,1
水处理工程课程设计,2
电力系统暂态分析,2
生物大数据分析,2
生物能源,2
生物制药,2
天然药物实验2,1
中药药剂学,2
电力系统继电保护,3
电力系统自动化,3
高级算法,2
基础法语（1）,9
法语听力（1）,3
法语听力（1）,3
强化学习,2
理论计算机,2
神经生物学,4
神经生物学讨论课,2
科研能力培养（4）,2
日汉互译（1）,2
日语写作（3）,2
日本近现代文学欣赏（1）,2
体育（4）,1.0
体育（4）,1.0
体育（4）,1.0
体育（4）,1.0
体育（4）,1.0
数据结构B,2
毕业设计（论文）（机械类）,4
软件测试,2
电机控制技术,3
国际金融（C类）,3
管理学原理（C类）,3
电力系统自动化,3
核电厂控制与保护,2
制造工艺I,4
制造工艺I,4
制造工艺I,4
传热学,3
组织工程,2
医学仪器原理,3
投资学,3
投资学,3
国际金融（C类）,3
国际金融（C类）,3
国际金融（C类）,3
食品经济与市场分析,2
智能物联网,3
食品包装学,2
现代感知技术,2
无线组网技术,2
本科生科研项目,3
无线组网技术,2
专业实习（艺术设计-视觉传达方向）,6.0
交通安全课程设计,2
德国概况,1.5
德语毕业论文,2
交通运输系统规划,2
高级德语（1）,6
德语视听说（3）,3
预测与决策,3
基础德语（1）,6
专题设计（5）,2.0
细胞工程,2
影视剧导演,3
影视制作实践:剧情短片,3
影视广告,2
化学综合实验,4
化学综合实验,4
计算机网络（B类）,2
操作系统（F类）,4
编译原理（E类）,4
计算引论,4
离散数学（E类）,3
会计学论文报告（A类）,4
工商管理论文报告（A类）,4
药物化学实验,1
体育（4）,1.0
体育（4）,1.0
体育（4）,1.0
体育（4）,1.0
体育（4）,1.0
传热学,3
传热学,3
传热学,3
传热学,3
综合实验训练三,1.5
波谱基础,2
固体化学,2
汉字文化,2
饲料学,2
动物药理学,2
英语写作,4
英语写作,4
英语写作,4
英语写作,4
英语写作,4
制造工艺I,4
制造工艺I,4
制造工艺I,4
制造工艺I,4
制造工艺I,4
制造工艺I,4
制造工艺I,4
分子生物学（C类）,2
机械与动力综合实验(2),3
体育（4）,1.0
体育（4）,1.0
体育（2）,1.0
体育（2）,1.0
毕业设计（论文）（自动化）,12
建筑设计及原理（3-2）,8
工艺美术概论,2.0
设计管理概论,3.0
交互设计,5.0
综合设计表达,2.0
动物环境卫生学,2
实验动物学,2
品牌管理,2
大学化学实验（J类）,1
工程概率方法,4
信号与系统处理,4
科技写作与交流,1
过程控制系统课程设计,1
检测技术B,2
随动系统课程设计,1
IT项目管理,2
科技实习与创新－生物技术（3）,1
科技实习与创新－生物工程（3）,1
科技实习与创新－生物信息（3）,1
基因工程,2
生化分析原理与方法,2
毕业设计（论文）（机械类）,4
毕业设计（论文）（机械类）,4
机械与动力综合实验(2),3
问题求解指导(2),4
建筑设备（2）,2
自然语言处理,2
虚拟现实与交互3D图形显示,2
专业实习（工业设计）,4.0
毕业设计（论文）（船舶与海洋工程）,13
汉语写作（A类）（2）,2
过程控制系统,3
毕业设计（论文）（计算机）,12
管理信息系统（A类）,3
质量管理学,4
服务管理,2
随机模型,3
毕业设计（论文）（机械类）,4
毕业设计（论文）（机械类）,4
毕业设计（论文）（机械类）,4
毕业设计（论文）（机械类）,4
核科学与核技术实验,3
数据库系统,3
毕业设计（论文）（国际航运）,17
日语作文,1
日语毕业论文,2
日语精读（M类）（3）,6
日语视听说（M类）（3）,3
影视文化研究,2
设计与制造（J类）（1）,4
企业与自然环境,3
金工实习,1
全球视野中的中国历史,3
毕业设计（论文）（微电子）,12
毕业设计（论文）（测控）,12
新型光通信系统,2
毕业设计（论文）（材料科学与工程）,12
毕业设计（论文）（材料科学与工程）,12
射频电路设计,2
大学英语（2）,3
钢结构基本原理,2
土木工程项目管理,2
电力电子技术,3
工程实践与科技创新Ⅳ-B,2
大学物理（A类）（1）,4.0
仪器总线与虚拟仪器,2
大学物理（A类）（1）,4.0
汉语应用文写作,3
核心阅读（I),3
微积分（2）,4
毕业设计（论文）（日语）,10
日语精读（6）,6
日语视听说（5）,2
英语写作,4
英语写作,4
英语写作,4
英语写作,4
英语写作,4
工业工程综合实验,2
机械与动力综合实验(2),3
集成电路工艺技术基础（A类）,2
风景园林规划设计（2）,1.5
风景园林规划设计（2）,1.5
草坪与地被应用,2
城市设计,2
物理研究实践IV,1
毕业设计(论文)(物理学),6
毕业设计（论文）（应用物理学）,6
机械与动力综合实验(2),3
毕业设计（论文）（植物科学与技术）,10
机械与动力综合实验(2),3
专业实习（艺术设计-环境艺术设计方向）,6.0
特别课程设计,4.0
日语演讲比赛（3）,3
日语泛读（4）,2
专业实习（日语）,6
学术写作,1
德语高级视听（影视）,1
毕业设计（论文）（德语）,12
高级德语（2）,6
德语高级视听说（2）,2
德国历史,2
政治学,3
纪录片编导,3
嵌入式系统原理与应用,2
高等数学（A）（2）,4.0
概率统计,3.0
海外汉学与中国现代作家研究,2
大学英语（2）,3
大学英语（2）,3
大学英语（2）,3
大学英语（2）,3
大学英语（2）,3
大学英语（2）,3
形势与政策,0.5
形势与政策,0.5
形势与政策,0.5
形势与政策,0.5
形势与政策,0.5
汉字与域外文化,2
专业实习（暑期）,4
读书报告（四）（专业导师制活动）,1
文学人类学,2
中外文化交流史,3
核电厂运行与控制,3
本科生科研项目,3
跨境跨学科设计项目（2）,2
光电子器件,2
建筑师业务,3
德语视听说（1）,3
点过程建模及应用,3
法语写作,3
计算机网络安全,2
食品添加剂,2
食品工艺学,3
光电显示技术,2
无线通信新技术与实践,2
发育生物学,2
德国文化,3
实验室实践（2）,3
毕业论文（法语）,2
环境毒理学,2
化工过程计算机仿真（A类）,1.5
综合设计训练,2.5
化工过程设计原理,3
毕业设计（论文）（工程力学）,20
运输管理信息系统及实验,3
毕业设计（论文）（动物科学）,10
毕业设计（论文）（资源环境科学）,10
毕业设计（论文）（食品科学与工程）,10
毕业设计(论文)(化学工程与工艺),15
毕业设计（论文）（机械类）,4
建筑设计及原理（2-2）,8
历史建筑测绘与调查,3
施工实习,1
生态建筑概论,2
设计与软件技术,2
广义相对论,3
大气污染控制工程课程设计,2
生态设计与工程,2
可靠性与维修管理,3
毕业设计(论文)(药学),10
能源经济学,3
风能利用原理与技术,3
英语写作,4
英语写作,4
英语写作,4
英语写作,4
计算生物化学,3
生物统计学模型,2
电机控制技术,3
电机控制技术,3
操作系统,3
计算机体系结构,3
电机控制技术,3
电力系统继电保护,3
电力系统继电保护,3
毕业设计（论文）（机械类）,4
财务管理,3
管理信息系统,3
管理信息系统,3
运营管理,3
运营管理,3
运营管理,3
运营管理,3
世界贸易组织概论,3
世界贸易组织概论,3
环境污染与健康,2
给水排水工程概论,2
工业废气治理技术,2
危险废物控制原理,2
环境经济学,2
自动控制原理,4
隧道与地下工程课程设计,2
建筑结构（2）,2
基坑工程（A类）,3
结构概念设计,2
水工建筑物,2
电力系统继电保护,3
管理学原理（C类）,3
高分子复合材料,2
管理学原理（C类）,3
管理学原理（C类）,3
管理学原理（C类）,3
宏微观经济学,3
中级法语（1）,6
法语语法,3
法语词汇,3
过程控制系统,3
运动控制系统,3
运动控制系统,3
计算机控制技术,3
日语口译（2）,1
论文指导（日语）,1
机械振动,2
计算固体力学与程序设计,4
计算流体力学与程序设计,4
复杂系统动力学计算机辅助设计,4
建筑材料与施工,2
毕业设计（论文）（土木工程）,16
微纳电子科技前沿讲座,2
船舶设计原理课程设计,3
工程实践(A类),4
计算机系统安全,3
数据库原理,3
软件工程（C类）,3
虚拟现实与增强显示技术,3
毕业设计（论文）（生物技术专业）,12
毕业设计（论文）（生物信息专业）,12
毕业设计（论文）（生物工程）,12
科技实习与创新－生物医学工程（1）,2
解剖与生理（2）,2
嵌入式计算机系统及实验,3
医学超声基础,2
生物材料,2
神经生物学,2
生物医学图像处理(2),2
现代机械工程图学,3
燃烧学,3
燃烧学,3
内燃机原理,3
叶轮机械原理,3
能源转换与管理,3
节能原理与技术,3
制冷原理与设备,3
中国现代史专题研究,3
历史文献学,3
作曲技术理论（2）,3
模拟集成电路课程设计,2
食品安全学,3
配器法,3
西方音乐史,3
中国历代文学作品选读,3
世界古代史,3
中国古代史,3
中国对外关系史,3
试唱练耳,3
食品毒理学,3
食品贮藏与物流,3
食品化学,3
食品微生物学,3
食品工艺学,3
数学与应用数学毕业论文,4
概率论与数理统计,3
实变函数,3
抽象代数,3
高等代数,4
数字集成电路设计课程设计,2
传热学,3
传热学,3
传热学,3
传热学,3
传热学,3
传热学,3
工程热力学(2),3
工程热力学(2),3
热力系统设计与实践,3
动物育种学（A类）,2
热力系统设计与实践,3
热力系统设计与实践,3
热力系统设计与实践,3
热力系统设计与实践,3
热力系统设计与实践,3
流体传动与控制,3
有限元方法,3
有限元方法,3
面向制造的设计,3
数字化制造,3
制造装备与生产线设计原理,3
植物生物技术综合实验,2
专业实习（植物科学与技术）,2
园艺科学进展,2
植物育种学实验,1
机器人学,3
机器人学,3
机器人学,3
汽车构造,3
汽车构造,3
汽车理论,3
汽车理论,3
材料机械性能,3
Matlab及其工程应用,3
Matlab及其工程应用,3
环境资源遥感与环境信息学,3
现代环境分析技术,2
专业实习（资源环境科学）,2
环境生物技术与环境工程综合实验,1.5
生物质能工程,2
毕业论文,2
毕业论文,2
音乐学毕业论文,2
外国文学史,3
诗词曲欣赏与写作,3
中国现代文学作品选读,3
科学技术史,2
精密仪器设计（2）,2
误差理论与数据处理,2
传感器课程设计,1
生物医学信息检测,2
动物检验检疫,1
动物预防医学,2
畜牧综合实验,1
兽医综合实验,1.5
生物信息学（A类）,2
农业生物技术,2
植物生物技术概论,2
汉语写作（B类）（4）,2
现代汉语（B类）（2）,4
现代汉语（B类）（2）,4
现代汉语（B类）（2）,4
现代汉语（B类）（2）,4
鲁迅作品选读,2
操作系统（B类）,3
文化与科技,3
操作系统（B类）,3
动力学与振动导论,4
数据挖掘,2
果树学,2
蔬菜学,2
环境毒理学,3
环境生物技术,3
移动通信（B类）,2
计算机病毒原理,2
数据通信（B类）,2
Windows安全原理与技术,2
FPGA应用实验,2
应用软件课程设计,2
信息安全综合实践,3
机器人技术基础,2
仪器总线与虚拟仪器课程设计,1
数字信号处理,2
纳米材料与器件,2
连续介质力学,3
生物物理,4
设计自动化引论,2
检测技术A,3
数字信号处理,2
检测技术A,3
机电一体化课程设计,1
单片机与嵌入式仪器,2
食品营养学,3
食品安全管理与法规,3
毕业论文,2
土木工程制图（B类）,3
集成电路工艺技术课程设计,2
结构模型设计与制作,3
结构力学（B类）（1）,4
先进数字系统芯片设计,2
微纳电子科技前沿讲座,2
混合信号集成电路设计引论,2
量子光学,4
凝聚态物理,4
专业物理实验,3
MEMS技术导论,2
物理研究实践IV,1
德语文学鉴赏与批评,2
德汉互译（口译）,2
德语语言学引论,2
德语演讲比赛,2
德语专业实习,6
毕业设计(数学),12
常微分方程续论（A）,2
偏微分方程续论（A）,2
代数拓扑,3
李群与李代数,3
微分几何续论,3
拓扑学基础,4
西方经典作品选读,2
建筑力学（2）,3
工程测量,2
土木工程概论,1
建筑材料,3
泛函分析,4
偏微分方程数值解,4
运筹学（B类）,3
动力系统,3
数学建模,3
群与代数表示论,3
数量经济学,3
图与网络,4
船舶噪声基础,2
船舶推进系统振动,2
法国文学与艺术,2
法语写作（2）,2
大学物理（A类）（1）,4.0
大学物理实验（1）,1
大学物理实验（1）,1
大学物理实验（1）,1
大学物理实验（1）,1
计算机系统结构实验,2
信号与系统（含复变函数）,4
高级生物化学实验,1.5
电工与电子技术（D类）实验,2
电工与电子技术（D类）实验,2
工程实践与科技创新Ⅱ-B,2
工程实践与科技创新Ⅳ-D,2
基础物理实验（荣誉）（1）,1
基础物理实验（荣誉）（1）,1
现代心理学,2
危机与公共关系,2
国际关系学导论,2
西方政治学入门,2
现代中日关系,2
人际沟通艺术与技巧,2
科幻作品与科学外史,2
奇妙的低温世界,2
西方美术与创新思维,2
计算机系统结构（A类）,3
计算机系统结构（A类）,3
计算机系统结构实验,2
镁合金及其成形技术,1
航空航天技术历史与展望,2
神奇的催化剂―新能源开发和环境净化中的催化技术,1
全球天然气发展与展望,1
超导体及其应用,2
微生物海洋学与极端生命,1
中国美学与艺术,2
基础拉丁语,2
光学,2
光学,2
罗素的哲学智慧,2
花卉艺术,2
现代天文学,3
体育（4）,1.0
信息论,2
德语口语（3）,2
德语写作（2）,2
德语泛读（2）,2
生物计算编程语言,2
生物工程单元操作原理（1）,2
分子生物学（C类）,2
Linux操作系统与Shell开发的理论与实践,2
生物化学（B类）（2）,3
遗传学（A类）,2
高等数学（A）（2）,4.0
水力学,2
核化学及核技术应用,2
先进核能系统,2
环境修复与人类健康,2
创业管理,2
信号与系统（含复变函数）,4
大学英语（3）,3.0
大学英语（3）,3.0
大学英语（3）,3.0
初级汉语,4
初级汉语,4
初级汉语,3
初级汉语,3
汉语,4
西方宗教文化概论,2
文学与文化,2
超材料技术及多模传感器,2
人工智能系统设计与实践,2
企业认知及企业文化,2
工程实践与科技创新Ⅳ-A,2
毕业设计（论文）（信息安全）,12
毕业设计（论文）（信工）下,6
毕业设计（论文）（电科）下,6
商务统计学,3
体育（4）,1.0
体育（4）,1.0
体育（4）,1.0
混凝土结构课程设计,2
工程实践与科技创新I,2
经济学初阶：问题与趣味，方法与分析,2
精准医学与我们的健康,2
土木建筑与可持续发展,2
湍流,2
科学与自然中的研究思想与方法探讨,1
中国新闻解读与中国问题研究,2
信息光子学导论,2
什么是数字新媒体产业(TMT),1
时政评论,2
走进神秘的番茄世界,2
全球变化概论:原因和应对策略,1
现代农业理论与实践,1
图像遗产与中国古代艺术,2
生命科学发展史,2
程序设计,3
有机化学实验（1）,2
高等数学V,6
高等数学VI,6
大学英语（4）,2
大学英语（4）,2
大学英语（4）,2
大学英语（4）,2
工程物理与化学基础（3）,6
线性代数,5
理论计算机,2
药物分析实验,1
国际经济学（1）,2
国际经济学（1）,2
国际经济学（1）,2
工程实践,3
计算机科学中的数学基础,3
计算机科学中的数学基础,3
汉语综合课（2）,8
大学英语（3）,3.0
物理研究实践II,1
无机化学,4
工程实践与科技创新I,2
电子技术实验,3
电子技术实验,3
电子技术实验,3
公共经济学,2
国际贸易实务,3
国际技术贸易（A类）,2
国际技术贸易（A类）,2
实验经济学,2
商业银行经营管理,3
歌曲欣赏与演唱,2
研究选题与论文写作,2
研究选题与论文写作,2
高级英语文选（A类）,2
大学英语（4）,3.0
有机化学实验（1）,2
有机化学实验（1）,2
有机化学实验（1）,2
大学化学,2.0
大学化学,2.0
新时代社会认知实践,2
新时代社会认知实践,2
生态学,2.0
动物生理学,3.5
操作系统（D类）,3
编译原理（A类）,3
操作系统课程设计,2
操作系统课程设计,2
大学英语（3）,3.0
大学英语（3）,3.0
大学英语（3）,3.0
数值分析与程序设计,3
中国近现代史纲要,3
数据结构B,2
电工与电子技术（C类）实验,1.5
中国近现代史纲要,3
中国近现代史纲要,3
中国近现代史纲要,3
体育（4）,1.0
体育（4）,1.0
体育（4）,1.0
体育（4）,1.0
体育（4）,1.0
大学物理实验（1）,1
大学物理实验（1）,1
物理化学（2）,4
物理学引论（A类）（1）,5
物理研究导论,2
嵌入式系统原理与实验（A类）,4
嵌入式系统原理与实验（A类）,4
汉语写作,4
嵌入式系统原理与实验（A类）,4
商法,3
商法,3
高等数学（A）（2）,4.0
高等数学（A）（2）,4.0
高等数学（A）（2）,4.0
高等数学（A）（2）,4.0
大学英语（4）,3.0
体育（4）,1.0
体育（4）,1.0
体育（4）,1.0
人力资源管理,2
人力资源管理,2
OFFICE在经济管理中的应用,2
数据库原理及应用,3
基础德语（4）,8
德语视听说（3）,2
物理学引论（A类）（2）,5
形势与政策,0.5
形势与政策,0.5
形势与政策,0.5
形势与政策,0.5
当代中国社会问题,2
从曼哈顿计划到当代能源危机：核能及其相关问题,2
积极心理学,3
线性代数 Ⅱ,4
中俄关系的演变与展望,3
现代日本政治,2
政治经济学经典导读,3
治理之善：公共行政热点解析,2
社会政策：公平与福祉,2
大学物理（A类）（1）,4.0
大学物理（A类）（1）,4.0
大学物理（A类）（1）,4.0
大学物理（A类）（1）,4.0
大学物理（A类）（1）,4.0
开源硬件创客实战,2
VR/AR设计与开发实践,2
Unreal程序开发与实践,2
无人驾驶算法开发,3
信息检索与利用,1
信息检索与利用,1
品牌审美与管理――F1超跑和法国红酒,2
微生物学与免疫学,3
微生物学与免疫学实验,1.5
计量经济学,3
计量经济学,3
计量经济学,3
中级宏观经济学,3
中级宏观经济学,3
体育（4）,1.0
体育（4）,1.0
商业银行经营管理,3
金融工程学,3
金融工程学,3
金融工程学,3
大学物理拓展,4
园林植物配置,1
产品设计（3）,5.0
电工与电子技术（D类）实验,2
基本电路理论,4.0
基本电路理论,4.0
基本电路理论,4.0
基本电路实验,2
体育（4）,1.0
体育（2）,1.0
体育（2）,1.0
体育（2）,1.0
体育（2）,1.0
体育（2）,1.0
体育（2）,1.0
数据结构,3.0
数据结构,3.0
无人驾驶环境感知,2
体育（4）,1.0
体育（4）,1.0
体育（4）,1.0
工程实践与科技创新Ⅳ-J,2
行政诉讼法,2
婚姻家庭法,2
国际私法,2
财税法,2
英美文学选读,1.5
英语毕业论文,1
英语翻译基础（2）,1.5
英语口译,2
英语演讲与技巧,2
英语演讲与技巧,2
综合实践项目,4
国际经济学（2）,3
体育（4）,1.0
体育（4）,1.0
体育（4）,1.0
普通生物学,2
普通生物学,2
生物药剂与药物动力学,2
外国近现代建筑历史与理论,2
新闻学导论,3
ET创新实验,2
ET创新实验,2
ET创新实验,2
ET创新实验,2
ET创新实验,2
ET创新实验,2
大学英语（3）,3.0
大学英语（3）,3.0
数据结构,3.0
数据结构,3.0
数据结构,3.0
电磁能量,4
数据结构（荣誉）,3
数据结构（荣誉）,3
国际法,2
电子技术实验,3
电子技术实验,3
嵌入式系统原理与实验,4
嵌入式系统原理与实验,4
嵌入式系统原理与实验,4
物理学引论（A类）（1）,5
电工与电子技术（G）,4
电工与电子技术（G）,4
电工与电子技术（G类）实验,2
电工基础,3
计量经济学,3
法国历史概要,2
程序设计,3
宏观经济学,2
经济学原理,4
经济学原理,4
经济学原理,4
经济学原理,4
经济学原理,4
经济学原理,4
植物学,3
植物生理学,3
植物生理学实验,1.0
风险管理,2
基本电路理论,4.0
生物医学导论（荣誉）,3
当代中国,2
汉语应用文写作,3
核心阅读（I),3
大学物理（荣誉）（1）,5
大学英语（3）,3.0
大学英语（3）,3.0
大学英语（3）,3.0
大学英语（4）,3.0
大学英语（4）,3.0
大学英语（4）,3.0
生态与演化,2
高等数学（A）（2）,4.0
高等数学（A）（2）,4.0
高等数学（A）（2）,4.0
高等数学（A）（2）,4.0
高等数学（A）（2）,4.0
高等数学（A）（2）,4.0
高等数学（A）（2）,4.0
高等数学（A）（2）,4.0
高等数学（A）（2）,4.0
操作系统（D类）,3
古希腊文明演绎,2
台湾研究,2
职业生涯发展与规划,2
职业生涯发展与规划,2
大学物理（A类）（1）,4.0
体育（4）,1.0
体育（4）,1.0
体育（4）,1.0
体育（2）,1.0
体育（2）,1.0
体育（2）,1.0
体育（2）,1.0
基本电路理论,4.0
基本电路理论,4.0
基本电路理论,4.0
大学英语（3）,3.0
大学英语（3）,3.0
大学英语（3）,3.0
大学英语（3）,3.0
大学英语（4）,3.0
大学英语（4）,3.0
大学英语（4）,3.0
大学英语（4）,3.0
大学英语（4）,3.0
体育（4）,1.0
大学物理实验（1）,1
大学物理实验（1）,1
体育（2）,1.0
体育（2）,1.0
体育（2）,1.0
体育（2）,1.0
体育（2）,1.0
体育（2）,1.0
体育（2）,1.0
体育（2）,1.0
体育（2）,1.0
遗传学讨论课,2
生物学实验（2）,4
汉语惯用语和成语,2
发育与再生生物学,4
中国文化概要,2
嵌入式系统原理与实验（A类）,4
高等数学（A）（2）,4.0
职业生涯发展与规划,2
职业生涯发展与规划,2
职业生涯发展与规划,2
系统思考与科学决策,2
制造实践(B类),2
孙子兵法,2
产品设计工程学,2
改良性产品设计,4
摄影基础（A类）,2
C语言程序设计,3
大学英语（3）,3.0
大学英语（3）,3.0
大学英语（3）,3.0
形势与政策,0.5
大学英语（3）,3.0
体育（4）,1.0
体育（4）,1.0
体育（4）,1.0
体育（2）,1.0
体育（2）,1.0
工程实践与科技创新Ⅱ-B,2
工程实践与科技创新Ⅳ-C,2
基于安卓开发平台的电子系统综合设计,2
全球变化下的自然和生态,2
影视艺术学,2
中外文学史,2
拓扑学,3
人工智能交互技术,2
英特尔前沿AI算法与实践,2
毕业论文（法学）,10
工程实践与科技创新Ⅳ-I,2
机器学习,3
数学分析（A类）（2）,5
计算机系统（2）,4
生命科学导论实验（A类）,1
临床医学及病理学,3
新中国法律与中国社会,2
移动机器人构建与编程,1
航模技术与实践,2
3D技术创新实践,2
英语精读（3）,2
英语写作（M类）（1）,3
英语语言文化对比与翻译,3
英语精读（1）,3
英语精读（1）,3
翻译批评与赏析,2
翻译批评与赏析,2
英语视听说（1）,3
英语视听说（1）,3
读书报告（二）（专业导师制活动）,1
文学概论,2
鲁迅与中外文化,2
语言学概论,2
有机化学（1）,4
中级宏观经济学,3
中级宏观经济学,3
公司金融学,3
招聘与选拔,2
绩效与薪酬管理,2
数据结构,2
信息系统分析与设计,3
计算机网络及应用,2
电磁场,2
中国近现代史纲要,3
中国近现代史纲要,3
中国近现代史纲要,3
中国近现代史纲要,3
金融计量,3
金融计量,3
金融数学,2
高等数学（A）（2）,4.0
高等数学（A）（2）,4.0
领导力学习与实践,2
程序设计与数据结构,3
政治的边界与逻辑,2
程序设计与数据结构,3
组织文化研究,2
信息论,2
程序语言,4
软件知识产权保护,1
软件产品设计与用户体验,1
计算机系统课程设计,3
信号与系统（B类）,3
信号与系统（B类）,3
信号与系统（B类）,3
中国近现代史纲要,3
中国近现代史纲要,3
电磁场,2
电磁场,2
知识产权法（B类）,3
行政法原理,3
环境资源保护法,2
跨文化交际,2
跨文化交际,2
翻译（英汉、日汉、韩汉）,2
中国古代文学（2）,2
新时代社会认知实践,2
新时代社会认知实践,2
新时代社会认知实践,2
新时代社会认知实践,2
新时代社会认知实践,2
微生物实验,1
微生物实验,1
食品工程原理,4
食品工程原理实验,1.5
植物学实验,1
科学思想背后的“小”故事（2）,1
大学英语（3）,3.0
大学英语（3）,3.0
大学英语（3）,3.0
大学英语（4）,3.0
中国近现代史纲要,3
基本电路实验,2
基本电路实验,2
大学英语（2）,3
内燃机构造与设计,3
大学英语（2）,3
体育（2）,1.0
体育（2）,1.0
体育（2）,1.0
体育（2）,1.0
体育（2）,1.0
体育（2）,1.0
数据结构,3.0
数据结构,3.0
数据结构,3.0
ET创新实验,2
ET创新实验,2
体育（4）,1.0
ET创新实验,2
初级汉语精读（2）,4
初级汉语口语（2）,4
HSK3综合汉语,2
英语读写（4）,4
英语读写（4）,4
英语读写（4）,4
英语视听说（4）,4
英语视听说（4）,4
英语视听说（4）,4
西方文明史,2
西方文明史,2
英语名诗鉴赏,2
法语二外（2）,4
工程热力学,3
实用法语听说（2）,2
实用法语听说（2）,2
大学物理（A类）（1）,4.0
大学物理（A类）（1）,4.0
大学物理（A类）（1）,4.0
摄影基础,2
生命科学发展史,2
分子影像学与疾病早期诊断,2
1930年代上海文学地图,1
大学英语（4）,3.0
大学英语（4）,3.0
大学英语（4）,3.0
大学英语（4）,3.0
体育（4）,1.0
基本电路理论,4.0
形势与政策,0.5
形势与政策,0.5
形势与政策,0.5
形势与政策,0.5
形势与政策,0.5
形势与政策,0.5
基本电路实验,2
基本电路实验,2
形势与政策,0.5
核环境工程,2
大学物理（荣誉）（1）,5
大学物理（荣誉）（1）,5
生物医学导论（荣誉）,3
工程物理与化学基础（4）,4
概率论与统计,4
神经科学前沿问题及信息学方法,1
C++程序设计（A类）,3
广义线性模型,2
英语写作,4
英语写作,4
线性代数,4
机器学习导论,4
物理学实验（1）,2
C语言程序设计,3
C语言程序设计,3
C语言程序设计,3
立体构成,3
色彩构成,3
平面构成,3.0
C语言程序设计,3
C语言程序设计,3
篆刻艺术,2
大学英语（4）,3.0
大学英语（4）,3.0
大学英语（4）,3.0
大学英语（4）,3.0
大学英语（4）,3.0
大学英语（4）,3.0
大学物理实验（1）,1
大学物理实验（1）,1
大学物理实验（1）,1
体育（4）,1.0
体育（4）,1.0
体育（4）,1.0
体育（4）,1.0
体育（4）,1.0
佛教史,2
印度的历史与文化,2
近代中国的诗歌、故事与思想,2
东京审判与近现代亚太地区政治外交,2
普通生物学,2
西方文学史（2）,3
现代汉语,3
中国文学史（2）,4
中国当代文学史,3
量子物理与统计物理导论,4
基本电路实验,2
数据结构,2
最优化理论,2
基本电路实验,2
大学英语（2）,3
药用植物学,2
中医药文化,2
分析化学（2）,3
有机化学实验（2）,1.5
物理化学实验（1）,2
科研能力培养（2）,1
遗传学,4
计算机基础（2）,4
嵌入式系统原理与实验（A类）,4
嵌入式系统原理与实验（A类）,4
嵌入式系统原理与实验（A类）,4
嵌入式系统原理与实验（A类）,4
思想政治与通识教育（2）,1
信号与系统（B类）,3
信号与系统（B类）,3
信号与系统（含复变函数）,4
计算机组成,4
软件工程,4
工程实践,3
中级宏观经济学,3
博弈论,2
博弈论,2
体育（4）,1.0
体育（4）,1.0
体育（4）,1.0
体育（4）,1.0
体育（4）,1.0
体育（4）,1.0
体育（4）,1.0
体育（4）,1.0
体育（4）,1.0
新船型研究与探索,2
绝对零度的奇迹：超流与超导,2
行为遗传学研讨,2
探索奇妙的蛋白质世界,2
物理学研究导论,2
战后日本社会,2
汉字与中国文化,2
读书报告（二）（前期导师制活动）,1
有机化学（1）,4
有机化学（1）,4
体育（2）,1.0
体育（2）,1.0
体育（2）,1.0
体育（5）,1
生命安全与救援――运动及户外活动中的安全与救护,2
科学思想经典文献导读,2
体育（5）,1
体育（5）,1
体育（5）,1
体育（5）,1
VEX机器人设计与开发,2
3D打印结构优化与创新设计,2
汽车嵌入式软件AUTOSAR架构建模与代码生成,2
汽车动力底盘原型设计,2
数字化协同创新设计与实践,2
3D打印原理与技术,2
中国传统音乐,2
流行音乐与文化,2
新时代社会认知实践,2
数学分析（A类）（2）,5
数学分析（A类）（2）,5
工商管理论文报告（A类）,4
工商管理论文报告（A类）,4
神经生物学,4
商务英语沟通,2
投资学,3
数据库原理与技术,3
软件工程导论,3
Web开发技术,2
汉语阅读（2）,4
旅游文化（A类）,2
工程实践与科技创新Ⅱ-A,2
形势与政策,0.5
大学英语（3）,3.0
法语写作（2）,2
法语写作（2）,2
物理学研究导论,2
计算机系统基础（2）,4
大学英语（3）,3.0
大学英语（3）,3.0
大学英语（3）,3.0
大学英语（3）,3.0
大学英语（3）,3.0
大学英语（3）,3.0
大学英语（4）,3.0
大学英语（4）,3.0
大学英语（4）,3.0
体育（4）,1.0
插花艺术,1
芳香疗法与身心健康,2
中药学通论,2
C语言程序设计,3
管理学原理（B类）,2
管理学原理（D类）,3
程序设计,3
程序设计,3
程序设计,3
程序设计,3
遗传学实验(C类),1
遗传学实验(C类),1
微生物实验,1
实用法语听说（2）,2
实用法语听说（2）,2
最优化理论,2
专业实习（行政管理）,4
国际经济与贸易论文报告（A类）,4
中国近现代史纲要,3
创新实践(英语),2
英汉翻译（2）,2
综合英语（B类）（4）,2
合同法分论,2
经济法（法学）,4
民事诉讼法,4
德语语法,2
德语二外（2）,4
英语高级听说（2）,2
英语高级听说（2）,2
英语实用写作（2）,2
宝玉石鉴定法,2
地球科学,2
基本数值计算方法（Matlab版）,2
插花艺术,1
大学英语（2）,3
大学英语（2）,3
大学英语（2）,3
大学英语（2）,3
形势与政策,0.5
法语写作（2）,2
新能源发电技术,2
能源与可持续发展,2
改变生活的心理学研究,2
思维力与创造力,2
日本民俗文化专题,2
书法艺术,2
生命科学导论实验（A类）,1
生命科学导论实验（A类）,1
生命科学导论实验（A类）,1
生命科学导论实验（A类）,1
生命科学导论实验（A类）,1
生命科学导论,2
体育（4）,1.0
体育（2）,1.0
体育（2）,1.0
人与室内环境,2
电化学能量储存与转换,1
ET创新实验,2
ET创新实验,2
概率论与统计,4
卓越领导力：成功人生之道,2
社会学,2
“UTJS”体验式教育:大学生演讲与沟通训练,2
“UTJS”体验式教育:大学生演讲与沟通训练,2
“UTJS”体验式教育:大学生演讲与沟通训练,2
“UTJS”体验式教育:大学生演讲与沟通训练,2
“UTJS”体验式教育――大学生演讲与沟通技能训练,1
&quot;UTJS&quot;体验式教育－－大学生团队沟通与合作技能,1
广告的力量,2
太阳能电池基础与应用,3
大学医科数学（A类）（2）,4
电子废物-资源-环境,2
体育（4）,1.0
体育（4）,1.0
体育（4）,1.0
大学英语（3）,3.0
形势与政策,0.5
形势与政策,0.5
体育（4）,1.0
体育（4）,1.0
体育（4）,1.0
体育（4）,1.0
大学英语（2）,3
大学英语（2）,3
大学英语（2）,3
大学英语（2）,3
大学英语（2）,3
大学英语（2）,2
体育（2）,1.0
体育（2）,1.0
体育（2）,1.0
体育（2）,1.0
体育（5）,1
生物医学导论（荣誉）,3
生物医学导论（荣誉）,3
体育（4）,1.0
体育（4）,1.0
体育（4）,1.0
体育（4）,1.0
体育（4）,1.0
体育（2）,1.0
体育（2）,1.0
体育（2）,1.0
操作系统,2
英语演讲与技巧,2
英语演讲与技巧,2
研究选题与论文写作,2
体育（2）,1.0
体育（2）,1.0
体育（2）,1.0
体育（2）,1.0
体育（2）,1.0
体育（2）,1.0
葡萄与葡萄酒文化,2
园艺与文化,1
中医药养生与保健,2
心理自助,2
有机化学（1）,4
有机化学（1）,4
腾讯电子游戏创作工坊,2
工程技术探究,2
工程认知实践,2
大学英语（2）,2
大学英语（2）,2
大学英语（2）,2
中级法语语法（2）,2
中级法语语法（2）,2
中级法语语法（2）,2
中级法语语法（2）,2
体育（5）,1
体育（5）,1
法律文书,2
历代词人研究,2
比较文学概论,2
中国文学史（4）,4
历代诗人研究,2
唐宋散文研究,2
有机化学实验,4
图论与组合,3
运筹学（B类）,3
工业设计毕业设计,4
高等微积分,4
投资学,3
投资学,3
投资学,3
随机过程,3
生涯发展,2
毕业设计(论文)(经管),17
微生物学（G类）实验,2.5
行为经济学,3
论文写作,2
物理实验（1）,3
植物嫁接理论与技术,1
光纤通信与全光网技术的发展,1
基因追踪,2
人造器官与再生医学,1
大学化学,2.0
大学化学,2.0
预科数学（2）,6
预科英语（2）,4
嵌入式系统原理与实验（A类）,4
嵌入式系统原理与实验（A类）,4
算法与复杂性,3
算法与复杂性,3
数据结构,3.0
汉译英（2）,2
口译（2）,2
口译（2）,2
专业实习(英语),3
歌唱的呼吸与发声,2
非洲鼓演奏体验,2
科学思想和认识论,2
能源与环境,2
清洁能源技术：原理与应用,2
线性代数 Ⅱ,4
汉语听力（2）,4
初级汉语口语（2）,4
综合英语（A类）（2）,4
破产法,2
金融汉语综合（2）,4
网络安全技术,3
经贸口语（2）,2
经贸口语（2）,2
经贸口语（2）,2
微生物学（E类）,3
微生物学（E类）,3
普通遗传学,3
普通遗传学,3
国际经济与贸易论文报告（A类）,4
神经生物学讨论课,2
高等线性代数,3
英语实用写作（2）,2
日语精读（4）,8
日语口语（4）,2
日语泛读（2）,2
日语视听说（3）,2
日本概况,2
日语写作（1）,2
日语演讲比赛（2）,3
日语二外（2）,4
大学英语（5）,3
体育（2）,1.0
体育（2）,1.0
体育（2）,1.0
体育（2）,1.0
体育（2）,1.0
信息与编码原理,2
图像处理概论,2
可压缩空气动力学,2
园林历史,2
船舶设备,2
船体振动,2
体育（4）,1.0
体育（4）,1.0
大学语文,2
唐诗宋词人文解读,2
外国文学史,3
体育（2）,1.0
体育（2）,1.0
体育（2）,1.0
体育（2）,1.0
体育（2）,1.0
体育（2）,1.0
船舶主机,3
医用有机化学(C类),3.5
医用有机化学(C类),3.5
医用有机化学(C类),3.5
中国书画,2
设计思维,2
大学英语（5）,3
体育（4）,1.0
体育（2）,1.0
体育（2）,1.0
体育（2）,1.0
体育（2）,1.0
体育（2）,1.0
大学物理（B类）（1）,3
大学物理（B类）（1）,3
中国文学基础,2
通用英语(3A),5
数据可视化与可视分析,3
园林树木学,3
大学物理（荣誉）（1）,5
室内设计（4）,6.0
体育（4）,1.0
体育（4）,1.0
体育（4）,1.0
大学物理（D类）（2）,4
有机化学实验（A类）,2
有机化学实验（2）,1.5
西方建筑史,3
环境心理学,2
色彩（Ⅰ）,4.0
造型设计基础,4
设计表达,4
设计基础（2）,8
随机性、复杂性初探,1
分子细胞生物学,3
量子力学I,4
电动力学,4
计算物理导论,3
航空航天概论,2.0
发育与再生生物学讨论课,2
学子讲坛（4）,2
商务汉语综合（2）,4
通用英语(3B),5
通用英语(4A),5
设计思维,2
设计思维,2
数据结构,3.0
程序设计基础（A类）,2
国际投资学,2
国际贸易实务（A类）,2
国际贸易实务（A类）,2
国际金融学,2
动态系统、稳定与命令,2
大学化学,2.0
大学化学,2.0
图论,2
大学英语（3）,3.0
体育（2）,1.0
体育（2）,1.0
体育（2）,1.0
体育（2）,1.0
体育（2）,1.0
体育（2）,1.0
体育（2）,1.0
体育（2）,1.0
体育（2）,1.0
体育（2）,1.0
体育（2）,1.0
体育（2）,1.0
毛泽东思想和中国特色社会主义理论体系概论,3
模型设计,1
城市认知,1
中国近现代史纲要,3
中国近现代史纲要,3
花卉学,3
模型设计,1
园林植物配置,1
创业基础,2
建筑赏析,2
线性代数（B类）,3.0
设计创新的艺术,2
线性代数（B类）,3.0
科学与艺术:材料科学与设计艺术,2
商务汉语综合（2）,4
中国当代文学,2
古代汉语（1）,2
汉语阅读(2),2
跨文化交际,2
毕业设计(论文)(英语),9
英语经典散文选读(2),1
英语经典散文选读(2),1
中国思想经典选读,4
中国思想经典选读,4
汉译英（2）,2
投资学,3
投资学,3
全球视野下科学医学之兴起,4
记忆：理解20世纪中国史的新路径,4
思想道德修养与法律基础,3.0
形势与政策,0.5
有机化学（1）,4
细胞生物学实验,2
细胞生物学实验,2
细胞生物学实验,2
环境监测实验,1
环境监测,3
环境工程原理,3
环境化学（B类）,3
影视文化概论,3
形势与政策,0.5
形势与政策,0.5
形势与政策,0.5
网络环境下的文科信息检索,2
国学与领导力发展,2
工程热力学(1),3
工程与社会,3
工程与社会,3
工程与社会,3
工程与社会,3
工程与社会,3
毕业设计（论文）（行政管理）,16
现代造船技术,2.5
全球问题与全球治理,2
形势与政策,0.5
体育（4）,1.0
体育（4）,1.0
体育（4）,1.0
体育（4）,1.0
体育（4）,1.0
体育（4）,1.0
大学英语（5）,3
体育（2）,1.0
体育（2）,1.0
体育（2）,1.0
体育（2）,1.0
程序分析与验证,3
程序设计语言（A类）,3
机器学习,3
Linux内核,3
性与健康,3
大学化学,2
电路CAD设计,1
公共危机中的化学,2
老庄元典选读,3
思想道德修养与法律基础,3.0
思想道德修养与法律基础,3.0
基础物理实验（荣誉）（1）,1
基础物理实验（荣誉）（1）,1
基础物理实验（荣誉）（1）,1
大学英语（2）,3
大学英语（3）,3.0
大学英语（3）,3.0
消费者行为学（A）,2
中医药与中华传统文化,2
中医药与中华传统文化,2
大学生健康导论,2
大学生健康导论,2
现代医学导论,2
大学生健康教育,2
人体探秘与医学前沿,2
认知科学与语言,2
技术经济学,2
商业模式设计与创新,2
体育（4）,1.0
体育（4）,1.0
体育（4）,1.0
体育（4）,1.0
体育（4）,1.0
体育（4）,1.0
体育（4）,1.0
体育（4）,1.0
体育（4）,1.0
思想道德修养与法律基础,3.0
大学英语（5）,3
体育（2）,1.0
体育（2）,1.0
体育（2）,1.0
体育（2）,1.0
体育（2）,1.0
体育（2）,1.0
核能导论,2
大学英语（3）,3.0
形势与政策,0.5
形势与政策,0.5
大学英语（3）,3.0
体育（2）,1.0
体育（2）,1.0
体育（2）,1.0
马克思主义基本原理,3.0
马克思主义基本原理,3.0
电子设计自动化,2
网络安全管理技术,2
物理化学(B)(2),2
计算机在化学中的应用,3
仪器分析,3
仪器分析（A类）,2
仪器分析（A类）实验,2
新媒体与社会,3
中国文化概论,2
文化政策学,3
影视精品赏析（2-3）,2
传统文脉与设计思维,3
色彩构成,3
色彩构成,3
立体构成,3
立体构成,3
装饰图案,3
版式设计,4
中国书画,2
中国近现代史纲要,3
中国建筑史,3
风景园林快速表现,2
大学化学实验,1
景观设计（2）,6.0
专业实习（苏杭实习）园林,2
通信原理（B类）,2
燃烧科学与技术,2
研究实习,10
毕业报告,2
"
现代东亚的饮食与历史变迁",4
数字摄影技术,2
应急管理,3
解剖与生理,2
中国古代文学史,3
体育（4）,1.0
工程实践,3
专业研讨课（2）,1
实分析与傅里叶分析,4
工程实践与科技创新I,2
模拟电子技术,3
模拟电子技术,3
模拟电子技术,3
电子技术实验,3
大学物理实验（1）,1
美术创意与表现,4
中医基础理论,8
爱的艺术与人生,2
动态系统、稳定与命令,2
热运动和热传递,2
图论,2
量子物理与统计物理导论,4
流体力学基础,2
信息检索与利用,1
概率论,4
设计与制造Ⅰ,4.0
设计与制造Ⅰ,4.0
设计与制造Ⅰ,4.0
设计与制造Ⅰ,4.0
设计与制造Ⅰ,4.0
设计与制造Ⅰ,4.0
园林历史,2
中国近现代史纲要,3
设计初步,2
设计初步,2
有机化学,4
遗传学（A类）,2
生物工程单元操作实验（1）,1
形势与政策,0.5
形势与政策,0.5
形势与政策,0.5
形势与政策,0.5
莎士比亚戏剧赏析,2
英语经典名作赏析,2
学术英语交际:写作与发言,2
毛泽东思想和中国特色社会主义理论体系概论,3
毛泽东思想和中国特色社会主义理论体系概论,3
马克思主义基本原理,3.0
马克思主义基本原理,3.0
马克思主义基本原理,3.0
运营管理,3
动画课程设计与制作,5
影视音乐与音效,2
二维动画创作,3
动画概论(B类),2.0
动画造型概论,3
影视艺术导论,3
数据结构,2
明清山水,3
山水画写生与创作,3
材料科学基础,5
材料科学基础,5
材料科学基础,5
电动力学,5
电动力学,5
电子技术实验,3
电子技术实验,3
电子技术实验,3
电子技术实验,3
工程学导论,3.0
预科物理（2）,4
工程实践,3
工程实践,3
电工与电子技术（G）,4
强化学习,2
船舶动力系统,3
有限元分析,2
船舶原理（2－推进、操纵与耐波）,4
设计与制造Ⅰ,4.0
电子商务基础,2
电子商务基础,2
化工原理(上),4
化工设备机械基础,2
过程工程导论,1
环境监测实验,1
中国建筑史,2
室内设计（2）,6
体育（4）,1.0
大学英语（3）,3.0
大学英语（3）,3.0
计量经济学,3
计量经济学,3
商业银行经营管理,3
学术英语交际:写作与发言,2
学术英语交际:写作与发言,2
思想道德修养与法律基础,3.0
思想道德修养与法律基础,3.0
思想道德修养与法律基础,3.0
思想道德修养与法律基础,3.0
电类工程导论（B类）,4
大学英语（3）,3.0
大学英语（3）,3.0
大学英语（3）,3.0
大学英语（3）,3.0
大学英语（3）,3.0
大学英语（3）,3.0
摄影基础,2
计算机辅助设计（2）,3
大学英语（3）,3.0
大学英语（3）,3.0
大学英语（5）,3
大学英语（5）,3
大学英语（5）,3
大学英语（5）,3
体育（2）,1.0
体育（2）,1.0
中西乐理及其应用,2
汉语综合课（4）,6
中西乐理及其应用,2
汉语综合课（4）,6
德语视听说（1）,2
德语口语（1）,2
德语会话（2）,2
摄影基础（B类）,3
市场营销理论与实务,3
传播学导论（A类）,2
新闻实务（一）,3
传播伦理与法规,3
工程流体力学（A类）,3
工程流体力学（C类）,3
工程力学实验（A类）,2
大学化学实验,1
大学化学实验,1
形势与政策,0.5
形势与政策,0.5
形势与政策,0.5
推拿手法学（2）,3
交响音乐鉴赏,2
交响音乐鉴赏,2
交响音乐鉴赏,2
交响音乐鉴赏,2
交响音乐鉴赏,2
英语文学导论（2）,2
英语文学导论（2）,2
工程物理与化学基础（3）,6
商务英语沟通,2
可压缩空气动力学,2
核能导论,2
燃烧科学与技术,2
毕业设计（论文）,10
形势与政策,0.5
形势与政策,0.5
形势与政策,0.5
形势与政策,0.5
形势与政策,0.5
形势与政策,0.5
体育（4）,1.0
体育（4）,1.0
基本电路实验,2
TI-RSLK机器人设计与实践,2
金工实习（1）,1
高等数学I,4
体育（2）,1.0
视译,2
物理学实验（1）,1.5
机械臂智能控制,2
形势与政策,0.5
热运动和热传递,2
综合实践项目,4
工程学导论,3.0
工程学导论,3.0
工程学导论,3.0
微生物学实验,1.5
微生物学实验,1.5
遗传学实验,1
生命伦理学,2
英语文学导论（2）,2
日语精读（2）,12
日语视听说（1）,2
日语口语（2）,2
船舶动力装置控制理论,2.5
动力装置数值计算导论,2
船舶辅机,2
无线通信原理与移动网络,3
毛泽东思想和中国特色社会主义理论体系概论,3
毛泽东思想和中国特色社会主义理论体系概论,3
材料力学,3
材料力学,3
物理学实验（3）,3
经络腧穴学,7
形势与政策,0.5
形势与政策,0.5
形势与政策,0.5
大学化学,2.0
能源化学,3
信号与系统（A类）,4
电子商务：创新与战略,2
消费者行为学,2
灰色系统理论及应用,2
航空航天概论,2
工程实践与科技创新I,2
概率论,3
高等数学II,4
物质结构导论,2
大学基础物理,5
针推经典与临床思维方法导论,2
中医学术英语视听说,4
有机化学(1),4
模拟电子技术,3
模拟电子技术,3
模拟电子技术,3
模拟电子技术,3
模拟电子技术,3
模拟电子技术,3
营销导论,2
毕业设计（论文）（汉语言）,10
毕业设计（论文）（汉语言）,10
毕业设计（论文）（汉语言）,10
毕业设计(汉语言专业-双语方向),10
体育（2）,1.0
体育（2）,1.0
体育（2）,1.0
体育（2）,1.0
体育（2）,1.0
中华文明与社会的历史进程,2
装饰材料与构造,3
大国战略,2
生活中的毒理学,3
电工与电子技术（G）,4
大学英语（3）,3.0
大学英语（3）,3.0
大学英语（3）,3.0
概率论,3
研究选题与论文写作,2
数学实验,2
桥牌与博弈论,3
模糊数学及其应用,2
偷师大自然:动物仿生学,1
基于LabVIEW的机械系统动态信号采集与分析,2
智能材料与微精驱动原理与技术,3
SolidWorks与机械设计,2
现代汽车排放污染物控制新技术,3
工程应用软件(1) (CAD-UG),2
工程应用软件(1) (CAD-UG),2
绿色材料与绿色能源,2
生物医用金属材料,2
多元微积分,4
大学英语（3）,3.0
大学英语（3）,3.0
工程学导论,3.0
工程学导论,3.0
工程学导论,3.0
工程学导论,3.0
机械设计原理（A类）,3.0
人机工程学,2.0
专题设计（3）,1.0
调研与分析,3
程序设计,6
农业生物技术,2
基因工程与功能性食品,2
交响音乐鉴赏,2
中西乐理及其应用,2
中西乐理及其应用,2
创业基础,2
量子力学Ⅰ,5
量子力学Ⅰ,5
物理实验（3）,2
物理研究实践II,1
环境的生物评价,2
环境问题与对策,2
基础法语(上),4
西方风景园林规划设计史,2
花卉应用学,2
德语（1）,4
系统建模方法与应用,2
基础日语(上),4
基础日语(上),4
基础日语(上),4
基础日语(上),4
基础日语(下),4
基础日语(（Ⅲ）,4
概率统计,3.0
大学英语（3）,3.0
大学英语（3）,3.0
大学英语（3）,3.0
大学英语（3）,3.0
大学英语（3）,3.0
大学英语（3）,3.0
大学英语（3）,3.0
大学英语（4）,3.0
大学英语（4）,3.0
大学英语（4）,3.0
体育（4）,1.0
体育（4）,1.0
体育（4）,1.0
体育（4）,1.0
运动系统解剖学,1
毛泽东思想和中国特色社会主义理论体系概论,3
大学英语（3）,3.0
大学英语（5）,3
大学英语（5）,3
大学英语（5）,3
大学英语（5）,3
大学英语（5）,3
军事理论,1.0
军事理论,1.0
军事理论,1.0
军事理论,1.0
军事理论,1.0
军事理论,1.0
军事理论,1.0
经济与社会伦理,2
新闻媒介与社会,2
毕业设计（论文）（法语）,8
中西乐理及其应用,2
体育（2）,1.0
体育（2）,1.0
体育（2）,1.0
体育（2）,1.0
体育（2）,1.0
体育（2）,1.0
体育（2）,1.0
体育（2）,1.0
大学化学实验,1
形势与政策,0.5
形势与政策,0.5
形势与政策,0.5
形势与政策,0.5
形势与政策,0.5
概率统计,3.0
概率统计,3.0
专业实习（传播学）（1）,1
传播研究方法,3
中外影视史（A类）,4
影视精品赏析（1-2）,2
大学化学实验,1
大学化学实验,1
大学化学实验,1
大学化学实验,1
大学化学实验,1
数理方法,3.0
数理方法,3.0
中级财务会计,3
中级财务会计,3
经济思想史,2
工程学导论,3.0
工程学导论,3.0
工程学导论,3.0
有机化学（B类）,4
化工原理基础,4
营销在中国,3
全球运营与管理,2
管理学,2
新产品管理,2
定价策略,2
创业机会识别,2
VB编程技术,2
体育（4）,1.0
研究实习,10
初级综合法语（2）,4
物理学实验（1）,1.5
商务统计学,3
园林建筑学,3
空间导向设计,3.0
信号与系统（A类）,4
信号与系统（A类）,4
信号与系统（A类）,4
信号与系统（A类）,4
电磁场（A类）,4
电磁场（A类）,4
电磁场（A类）,4
硬件描述语言与系统仿真,2
硬件描述语言与系统仿真,2
硬件描述语言与系统仿真,2
电子信息领域前沿技术（工程）探究,1
在实验中探究生物技术,2
在实验中探究生物技术,2
基本电路实验,2
毕业设计（论文）（艺术设计）,13.0
经济思想史,2
市场营销学（B类）,3
材料力学,4
电工与电子技术（G类）实验,2
电工与电子技术（G类）实验,2
操作系统,2
大学英语（2）,3
大学英语（3）,3.0
大学英语（3）,3.0
大学英语（3）,3.0
思想道德修养与法律基础,3.0
思想道德修养与法律基础,3.0
思想道德修养与法律基础,3.0
思想道德修养与法律基础,3.0
中国现代史专题研究：团练、水师与北洋军阀,3
爱的艺术与人生,2
美学,2
体育（4）,1.0
体育（4）,1.0
体育（4）,1.0
体育（4）,1.0
体育（4）,1.0
日语演讲比赛（1）,2
英语听说（2）,2
英语听说（2）,2
英语阅读与写作（2）,2
英语阅读与写作（2）,2
基础德语（2）,10
社会实习（传播学）（一）,6
新闻实务（三）,3
文献检索与解读,2
英语新闻阅读与写作,3
新媒体与社会,2
广告创意文案,2
数字出版理论与实务,2
记录片策划、撰稿与制作,2
媒介批评,2
大学化学,2.0
大学英语（4）,3.0
大学英语（4）,3.0
西方美术史,2
欧洲文化导论,2
中日科技文化交流,2
英语公众演讲,2
体育（4）,1.0
体育（4）,1.0
体育（4）,1.0
大学英语（5）,3
大学英语（5）,3
大学英语（5）,3
设计思维,2
用户研究方法,3
大学英语（3）,3.0
大学英语（3）,3.0
大学英语（3）,3.0
体育（4）,1.0
美学,2
文学与人生,2
文学与人生,2
工程心理学,2
信息与感知,2
影视精品赏析（2-1）,2
集成电路与微系统封装技术,2
生态学,2.0
多尺度物理问题计算方法,3
核科学与技术导论,3
辐射与核能发展史,2
自然界中的混沌与分岔,2
出国实用法语,1
出国实用法语,1
大学英语（5）,3
大学英语（4）,3.0
基本电路实验,2
基因与人,2
高等数学（A）（2）,4.0
计算机及应用毕业设计,2.5
高级法汉互译,2
高级法汉互译,2
大学英语（5）,3
海洋学导论,2
多元微积分,4
海洋学导论,2
海洋学导论,2
多元微积分,4
海洋可再生能源,2
体育（2）,1.0
体育（2）,1.0
体育（2）,1.0
体育（2）,1.0
数据结构（荣誉）,3
大学英语（2）,3
大学英语（2）,3
体育（4）,1.0
体育（4）,1.0
体育（4）,1.0
体育（4）,1.0
大学英语（3）,3.0
体育（4）,1.0
体育（4）,1.0
体育（4）,1.0
体育（4）,1.0
体育（4）,1.0
毛泽东思想和中国特色社会主义理论体系概论,3
毛泽东思想和中国特色社会主义理论体系概论,3
无线通信原理与移动网络,3
毛泽东思想和中国特色社会主义理论体系概论,3
基础力学中的数学建模方法及解析,2
概率统计,3.0
概率统计,3.0
概率统计,3.0
概率统计,3.0
走进纳米科学,2
大学物理（A类）（1）,4.0
大学物理（A类）（1）,4.0
大学物理（A类）（1）,4.0
大学物理（A类）（1）,4.0
大学物理（A类）（1）,4.0
大学物理（A类）（1）,4.0
通用英语(4B),5
体育（4）,1.0
体育（4）,1.0
体育（2）,1.0
体育（2）,1.0
体育（2）,1.0
体育（2）,1.0
体育（2）,1.0
体育（2）,1.0
体育（2）,1.0
体育（2）,1.0
体育（2）,1.0
体育（2）,1.0
体育（2）,1.0
大学英语（2）,3
HSK解析和应对策略,2
HSK解析和应对策略,2
中级汉语口语（2）,4
文化的魅力,2
中级汉语口语（2）,4
文化的魅力,2
中级汉语口语（2）,4
环境变化与中华文明,2
大众传播与社会问题,3
大学物理（B类）（1）,3
健康中国（2）,2
医用有机化学(A类),5
医用有机化学(A类),5
微观经济学（C类）,3
国际政治概论,3
社会保障概论,3
定性研究方法,3
管理技能与创新实践（二）,2
管理技能与创新实践（三）,2
大学英语（2）,3
基本电路理论,4.0
毛泽东思想和中国特色社会主义理论体系概论,3
毛泽东思想和中国特色社会主义理论体系概论,3
数理方法,3.0
公共经济学,3
公共政策分析,3
定量研究方法,3
程序语言设计,3
系统工程,2
系统工程,2
工程热力学(1),3
建筑设计及原理（1-2）,8
建筑设计原理（下）,2
汉语写作（A类）（2）,2
汉语写作（A类）（2）,2
汉语写作（A类）（2）,2
旅游文化（A类）,2
大学物理（B类）（2）,3
大学物理（C类）,4
大学物理（D类）（2）,4
材料力学,4
材料力学,4
材料化学,3
材料化学,3
材料化学,3
财务会计信息系统,2
会计学,2
报表分析与估值,2
报表分析与估值,2
城市发展与管理,3
社区管理与社会工作,2
体育（2）,1.0
高性能计算,2
经济全球化与中国的崛起,2
推理与思维训练,2
统计原理,2
数学的天空,3
数学史,3
机器的征途：空天科技,2
材料与生态,2
数学分析（荣誉）（2）,5
数学分析（荣誉）（2）,5
材料美学,2
中国政府与政治,3
工程实践与科技创新Ⅳ-A（卓工）,2
政治经济学经典导读,3
思想道德修养与法律基础,3.0
思想道德修养与法律基础,3.0
思想道德修养与法律基础,3.0
基本电路理论,4.0
基本电路实验,2
初级综合法语（2）,4
初级综合法语（2）,4
初级综合法语（2）,4
基础学术法语,2
基础学术法语,2
基础学术法语,2
基础学术法语,2
房屋建筑学,2
房屋建筑学课程设计,2
半导体物理与器件,4
数字集成电路设计,4
软件工程,3
普通心理学,2
形势与政策,0.5
形势与政策,0.5
形势与政策,0.5
流体力学基础,2
电工与电子技术（G类）实验,2
电工与电子技术（G类）实验,2
电工与电子技术（G类）实验,2
电工与电子技术（G类）实验,2
国际政治经济学导论,2
素描,2
大学医科数学（A类）（2）,4
线性代数（B类）,3.0
体育（4）,1.0
体育（4）,1.0
体育（4）,1.0
体育（2）,1.0
体育（2）,1.0
体育（4）,1.0
体育（4）,1.0
生命伦理学,2
生命伦理学,2
生命科学导论,2
科学计算,3
抽象代数,4
体育（2）,1.0
体育（2）,1.0
体育（2）,1.0
体育（2）,1.0
体育（2）,1.0
体育（2）,1.0
体育（2）,1.0
船舶原理（2－推进、操纵与耐波）,4
水下作业系统,2
工程热力学,3
生产实习（航空航天工程）（A类）,4
建筑构造（1）,3
高等数学V,6
高等数学VI,6
出国实用法语,1
法语论文写作,1
信函写作与社交英语,1
信函写作与社交英语,1
船舶原理实验,2
船舶原理实验,2
船舶与海洋工程试验研究,3
大学化学实验,1
大学化学实验,1
基本电路实验,2
基本电路实验,2
工程学导论,3.0
空气动力学（1）,3
毛泽东思想和中国特色社会主义理论体系概论,3
工程热力学(1),3
电子信息领域前沿技术（工程）探究,1
生物学导论（宏观生物学）,4
生物学导论讨论课（2）,2
信函写作与社交英语,1
信息与编码原理,2
图像处理概论,2
有限元方法,2
马克思主义基本原理,3.0
马克思主义基本原理,3.0
马克思主义基本原理,3.0
马克思主义基本原理,3.0
马克思主义基本原理,3.0
马克思主义基本原理,3.0
毕业创作与论文,3
花卉与草虫禽鸟,3
行书草书篆刻,3
中国古诗词,2
中国美术史,2
篆、隶、楷书,3
跨文化管理,2
数据结构,4
学子讲坛（2）,2
信号与系统（A类）,4
工程学导论,3.0
高级公司财务,2
沟通技巧与领导力开发,2
电子商务,3
专业学术报告,2
营销导论,2
质量管理（A类）,2
材料科学基础,4
FORTRAN编程及科学计算,2
绘画基础,2
宏观经济学（B类）,2
投资与融资管理,2
经济优化方法,3
经济优化方法,3
微生物学（D类）,3
微生物学（G类）,2.5
渠道管理（A类）,2
古典诗文名篇选读,3
现代中国文学与文化,2
中国现代小说选读,2
汉字与文化,2
汉语惯用语和成语,2
经济学原理,4
经济与管理精要（2）,1
概率与统计学,3
流体力学（D类）,4
材料力学（F类）,2
中国经济,3
经济学,2
英语演讲,2
环境工程导论,2
生命科学实验探索,2
地球生命,2
微生物的世界,2
气味科学中的健康密码,2
脑与日常行为,2
思想道德修养与法律基础,3.0
思想道德修养与法律基础,3.0
思想道德修养与法律基础,3.0
流体力学（1）,2
影视广告,3.0
力学创新实验,1.5
力学创新实验,1.5
设计与制造Ⅰ,4.0
设计与制造Ⅰ,4.0
设计与制造Ⅰ,4.0
材料力学,3
材料力学（B类）,4
工程热力学（B类）,3
机械振动,2
专业导论（B类）,1
交通运输专业导论,2
信息安全的数学基础（1）,3
数据库原理,2
数据库原理,2
计算机组成与系统结构,3
思想道德修养与法律基础,3.0
思想道德修养与法律基础,3.0
思想道德修养与法律基础,3.0
当代中国经典作家导读,2
中国文化的全球传播,2
船舶与海洋工程试验研究,3
船舶动力装置课程设计,2
毕业设计（论文）（轮机工程）,17
泛函分析,3
拓扑学基础,3
专业研讨课（4）,1
数理统计,3
材料力学,3
常微分方程和偏微分方程的数值方法,3
材料力学,3
化学前沿,2
有机化学实验,4
工程学导论,3.0
工程学导论,3.0
工程学导论,3.0
工程学导论,3.0
中级综合法语（2）,4
中级综合法语（2）,4
中级综合法语（2）,4
中级综合法语（2）,4
初级法语语法（2）,4
初级法语语法（2）,4
初级法语语法（2）,4
设计与制造Ⅰ,4.0
设计与制造Ⅰ,4.0
设计与制造Ⅰ,4.0
设计与制造Ⅰ,4.0
工程图学（1）,2
工程图学（2）,2
工程图学（2）,2
工程学导论,3.0
工程学导论,3.0
工程学导论,3.0
工程学导论,3.0
城市公共艺术,6
装饰材料与构造,3
标识设计,3
Flash动画设计,3
广告设计（1）,6
广告摄影,2
印刷设计,3.0
初级法语语法（2）,4
西方文化管理概论,3
文化行政,2
中外文化史,2
中外文学史（A类）,4
影视音效与音乐,3
影视特效与包装,4
好莱坞电影研究,2
影视制作实践：电视导播,3
新媒体导论,2
专业实习（传播学）（3）,1
企业经营决策模拟,2
战略性品牌管理（A类）,2
研究选题与论文写作,2
研究选题与论文写作,2
研究选题与论文写作,2
装饰材料与构造,3
大学英语（3）,3.0
大学英语（3）,3.0
体育（4）,1.0
体育（4）,1.0
体育（4）,1.0
数学分析（荣誉）（2）,6
数学分析（C类）（2）,6
数学分析（C类）（2）,6
概率统计,3.0
概率统计,3.0
概率统计,3.0
概率统计,3.0
概率统计,3.0
大学物理（A类）（1）,4.0
大学物理（A类）（1）,4.0
大学物理（A类）（1）,4.0
大学物理（A类）（1）,4.0
大学物理（A类）（1）,4.0
有机合成,3
物理化学实验（A类）,2
物理化学实验（A类）,2
物理化学(A)(2),3
生物医学信号与系统（1）,2
生物学导论,2
细胞生物学,2
材料科学与工程基础,2
细胞生物学,2
《老子》、《庄子》选读,2
形势与政策,0.5
军事理论,1.0
军事理论,1.0
军事理论,1.0
军事理论,1.0
军事理论,1.0
军事理论,1.0
军事理论,1.0
军事理论,1.0
军事理论,1.0
大学物理（B类）（1）,3
大学物理（B类）（1）,3
程序设计思想与方法,3
程序设计思想与方法,3
程序设计思想与方法,3
媒体创意经济,2
工程实践与科技创新I,2
智能信息处理,2
美国的文化与历史,2
美国的文化与历史,2
哥伦布大交换与现代世界的形成,3
学术英语交际:写作与发言,2
学术英语交际:写作与发言,2
与风景的对话:中外园林艺术欣赏,2
天文学史,2
历史视野下的美国文化,2
历史视野下的美国文化,2
世界文化史,2
信息素养与实践,2
刑法与生活,2
生物质能工程,2
电磁学,3
电磁学,3
军事理论,1.0
军事理论,1.0
军事理论,1.0
军事理论,1.0
军事理论,1.0
大学英语（2）,3
英语视听说（2）,4.0
英语视听说（2）,4.0
英语视听说（2）,4.0
英语读写（2）,4
英语读写（2）,4
英语读写（2）,4
英语语言学概论（2）,2
体育（2）,1.0
体育（2）,1.0
体育（2）,1.0
体育（2）,1.0
体育（2）,1.0
体育（2）,1.0
体育（2）,1.0
体育（2）,1.0
体育（2）,1.0
体育（2）,1.0
体育（2）,1.0
毛泽东思想和中国特色社会主义理论体系概论,3
毛泽东思想和中国特色社会主义理论体系概论,3
电路理论（荣誉）,3
电路理论（荣誉）,3
电路理论（荣誉）,3
船舶与海洋工程导论,2
船体构造与制图,3
船体构造与制图,3
船体构造与制图,3
船舶流体力学,4
船舶流体力学,4
船舶流体力学,4
材料力学（B类）,4
工程与社会,3
工程与社会,3
工程与社会,3
工程与社会,3
工程与社会,3
工程与社会,3
形势与政策,0.5
形势与政策,0.5
体育（2）,1.0
体育（4）,1.0
体育（4）,1.0
体育（4）,1.0
体育（4）,1.0
体育（4）,1.0
体育（4）,1.0
体育（4）,1.0
大学英语（5）,3
大学英语（5）,3
大学英语（5）,3
体育（2）,1.0
常微分方程,4
军事理论,1.0
汉语综合课（4）,6
世界民族音乐鉴赏,2
汉语综合课（4）,6
世界民族音乐鉴赏,2
世界民族音乐鉴赏,2
汉语视听（2）,4
世界民族音乐鉴赏,2
汉语视听（2）,4
佛教与中国传统文化,2
汉语视听（2）,4
西方哲学史,2
中国哲学经典选读,3
大学生健康心理学,2
港台影视研究,2
视听语言,2
采访与写作,2
电视摄像,4
电视摄像,4
中外艺术史论,3
经济学原理,2
物权法,3
法理学,2
刑法总论,4
大学化学实验,1
毛泽东思想和中国特色社会主义理论体系概论,3
微波遥感技术,2
大数据挖掘（AI）,2
数字图像处理,2
系统设计方法、工具与实践,2
大数据通信网络模型和算法,2
市场营销学（B类）,3
毕业论文,3
新闻学导论,3
项目管理,2
市场研究方法,3
技术经济学,2
计算机为媒介的传播,3
传播学概论,3
运营管理,3
运营管理,3
报表分析与估值,2
报表分析与估值,2
工程与社会,3
工程与社会,3
工程经济学（A类）,3
工程统计学,3
运筹学,4
管理基础,2
管理基础,2
管理基础,2
管理基础,2
电子政务,3
管理基础,2
电子商务基础,2
基本电路实验,2
体育心理学,3
英语读写（2）,3
汉语一（下）,2
中级微观经济学,4
唐诗宋词人文解读,2
高等数学（A）（1）,6
法语翻译,3
遗传学与进化,2
材料加工原理,5
民法,4
德语（3）,2
现代控制理论（B类）,3
信息检索与利用,1
普适数字学习,2
大学基础英语（2）,3
大学物理（A类）（2）,4
生命科学发展史,2
商法,3
生命科学导论,2
钢结构课程设计,2
德语（2）,2
人文社科与经管（3）,2
城市地下空间规划与实例,2
大学英语（4）,3
工程热力学,3
工程热力学,3
信息检索与利用,1
中国近现代史纲要,2
综合英语2,3
汉语阅读（1）,4
药物发展:延续生命的奥秘,2
工程热力学,3
国防形势与思想政治教育,2
高级汉语精读（2）,4
大学基础英语（4）,3
工程实践与科技创新I,2
生命科学发展史,2
高等数学（B类）（2）,4
数学分析（D类）,4
组织行为学,3
综合俄语2,4
基础物理实验（荣誉）（1）,1
汉语二（下）,2
企业创新,3
计算机控制技术,3
计算机程序设计基础,3
市场营销学（B类）,3
英语听说（2）,3
国际政治概论,3
国际投资学,2
理论力学（D类）,4.5
职业生涯发展与规划,2
生物防治,2
英语语言学概论（2）,2
工程热力学,3
唐诗宋词人文解读,2
英语读写（2）,3
沟通技巧与领导力开发,3
公共政策分析,3
刑法,4
语言与社会,2
现代造船技术,2.5
综合实验（荣誉）,1
数学分析（荣誉）（2）,5
英语语言学概论（2）,2
商贸法语,3
工程物理与化学基础（4）,4
军事体能,2
物理性污染控制,2
媒介经济学,2
唐诗宋词人文解读,2
大学英语（4）,3
信息时代的计算机科学理论,2
机器学习（AI）,3
工程热力学,3
媒介与社会,2
德语（3）,2
工程热力学,3
广告策划,2
工程热力学,3
汉语二（上）,2
法语国家概况,3
机器学习与数据科学中的数值方法,2
生命科学发展史,2
影视节目后期制作,2
工程实践,3
新闻与传播学毕业论文,2
汉语一（上）,2
毕业设计（论文）（电气）,12
证券投资分析,3
马克思主义基本原理,3
专业实习（生物信息）,2
专业实习（生物工程专业）,2
专业实习(食品科学与工程),2
专业综合实践,3
专业实习（自动化）,2
专业实习(化学),4
专业实习(化学工程与工艺),4
建筑工程施工实习,4
地下工程施工实习,4
专业实习(药学),2
专业实习(化学),4
专业实习（生物技术）,2
专业实习（计算机）,2
国际航运专业实习,4
专业实习（测控）,2
生产实习（微电子）,3
生产实习,1
专业实习,3.5
专业实习（生物医学工程）,4
专业实习（动物科学）,2
专业实习（信息安全）,2
认识实习,2
测量实习,2
超导物理,1
超导实验,1
生产实习（轮机工程）,4
认识实习（电气－卓越）,1
实验室实践,3
科技实习与创新―生物工程（1）,2
科技实习与创新－生物信息学（1）,2
经济与社会伦理,2
文化的魅力,2
新闻媒介与社会,2
学术英语交际:写作与发言,2
学术英语交际:写作与发言,2
国花、市花与文化,2
历史视野下的美国文化,2
古希腊文明演绎,2
大学生健康心理学,2
工程技术探究,2
工程认知实践,2
大众传播与社会问题,3
大众传媒与文化,2
生命科学发展史,2
生物技术与人类,3
跨学科高级模拟与数据处理,2
编程综合实践,3
初等数论,2
认识实习(药学),1
环境与健康,2
基因与人,2
中国现代诗歌导读,3
汉字文化,3
美国的文化与历史,2
近世中国历史与文化,2
美学,2
文学与人生,2
交响音乐鉴赏,2
佛教与中国传统文化,2
科技实习与创新－生物技术（1）,2
工程实践(B类),2
军训,3
军训,3
军训,3
管理基础,2
管理基础,2
国学与领导力发展,2
电子商务：创新与战略,2
管理学,2
宏观经济学（B类）,2
脑与日常行为,2
西方哲学史,2
广告的力量,2
军训,3
军训,3
军训,3
建筑赏析,2
图形创意设计,2
项目管理及软件开发课程设计,4
计算机系统基础（1）（下）,2
药物发展:延续生命的奥秘,2
积极心理学,2
镁合金及其成形技术,1
土木建筑与可持续发展,2
电子废物-资源-环境,2
先进核能系统材料：挑战与展望,2
现代农业与生态文明,1
植物生物技术:过去、现在和未来,2
设计创新的艺术,2
气味科学中的健康密码,2
西方美术史,2
生命科学导论,2
生命科学导论,2
马克思哲学经典著作导读,2
唐诗宋词人文解读,2
物理学拓展,2
中俄关系的演变与展望,3
现代日本政治,2
大国战略,2
人类与饥饿,2
孙子兵法,2
中日科技文化交流,2
世界文化史,2
西洋文学经典导读：古典到启蒙时期,2
全球化与建筑,3
语言与大脑,2
唐宋词名篇精读,2
"安泰全球暑期项目
",3
体育（5）,1
体育（5）,1
体育（5）,1
生命安全与救援――运动及户外活动中的安全与救护,2
开源和创意建模,4
素描实习（A类）,2
天然药物野外实践,.5
环境监测实习,2
微生物的世界,2
大学生健康导论,2
统计原理,2
随机模拟方法与应用,3
数学的天空,3
欧洲文化导论,2
英语写作,2
莎士比亚戏剧赏析,2
英国经典散文赏析,2
风险与社会保障,2
公共危机中的化学,2
清洁能源技术：原理与应用,2
西方美术与创新思维,2
微生物海洋学与极端生命,1
脑的奥秘与精神健康,2
全球变化概论:原因和应对策略,1
工程数理分析,2
人类进化与饮食革命,2
大学生健康教育,2
急救与自救,2
情感心理学,2
心理自助,2
日常生活中的心理学,2
艺术社会学,2
职业生涯发展与规划,2
东京审判,1
东京审判与近现代亚太地区政治外交,2
战后日本社会,2
素描,2
设计素描,2
广告摄影,2
插花艺术,1
细胞世界,2
在实验中探究生物技术,2
海洋学导论,2
海洋学导论,2
海洋学导论,2
工程实践与科技创新I,2
刑法与生活,2
环境与可持续发展,2
跨学科数值方法实践,4
认知实习（卓越计划）,1
人与环境,3
人与环境,3
形象思维与工程语言,2
计算软件应用,2
"安泰全球暑期项目
（7月班）",3
中国文化的全球传播,2
数学史,3
人工智能交互技术,2
无人驾驶算法开发,3
无人驾驶环境感知,2
移动机器人构建与编程,1
VEX机器人设计与开发,2
3D打印结构优化与创新设计,2
中药学通论,2
物理异想,2
流形上的微积分,2
工程实践(B类),2
经济学,2
土木工程探秘与实践,2
基于安卓开发平台的电子系统综合设计,2
新能源技术及应用,2
环境监测,2
垃圾处理与气候变化,1
走进纳米科学,2
辐射及应用,2
职业生涯发展与规划,2
全球变化下的自然和生态,2
食品营养与健康,2
花卉艺术,2
园艺与文化,1
中医药养生与保健,2
1930年代上海文学地图,1
审美人类学,2
香港电影专题研究,2
印度的历史与文化,2
职业生涯发展与规划,2
生产实习（船舶与海洋工程）,4
在实验中探究生物技术,2
数学实验,2
体育（5）,1
体育（5）,1
体育（5）,1
体育（5）,1
体育（5）,1
体育（5）,1
体育（5）,1
半导体材料与文明,1
色彩实习,2
专业实习（电科）,2
专业实习（信工）,2
生态理念与绿色环保,2
先进发电技术基础与展望,1.0
摄影基础,2
经济全球化与中国的崛起,2
当代中国社会问题,2
职业生涯发展与规划,2
全球视野下的香港电影,3
美国社会与文化,2
纳米材料与表面科学,1
燃烧与污染物及碳排放的控制,1
航模技术与实践,2
国际航运认识实习,1
大数据分析,2
决策理论与方法,2
人与环境,3.0
中国古建筑的查勘和无损检测,3.0
中国历史人文地理,2
中华诗词之美,2
什么是科学,2.0
中国的社会福利政策与实践,2.0
基于用户需求研究的空间体验设计研究,3.0
中国可持续生态设计,2.0
绿色技术在环境污染中的应用,2.0
医疗机器人系统的机构设计,3.0
发动机模型燃烧室中旋流火焰的燃烧诊断,3.0
电动汽车增程器及试验,3.0
移动平台上的自主四旋翼着陆,3.0
大数据定价与保护机制,3.0
基于机器学习的毫米波雷达人体姿态检测与分类,3.0
用嵌套阵列估计随机极化信号参数,3.0
机器学习中的先进核方法,3.0
海上浮动式垂直轴风力机非定常空气动力学数值模拟,3.0
绿色建材,3.0
高层建筑自动化施工系统,3.0
 高熵合金叠层复合材料的制备与表征,3.0
利用新型金属氧化物吸附、催化降解和氧再生协同效应原位修复污染湖泊沉积物,3.0
 萃取膜生物反应器中污染物的传质和去除机理分析,3.0
利用物理和生化信号调节神经干细胞,3.0
转基因生物的分子特征,3.0
药用植物代谢调控与工程,3.0
白血病分子生物学与靶向癌症治疗,3.0
上海工业遗产研究,3.0
 大数据与智能城市设计,3.0
行为遗传学研讨,2
流形上的微积分,2
编程综合实践,3
比较文化：中国与日本,2.0
欧洲中世纪城市研究,2.0
中国设计,2.0
绿色城市绿色未来,2.0
中国城市森林与生态系统监测,2.0
中国传统运动与健康,2.0
智能装备与机器人,3.0
项目2 神经电极涂层的优化设计,3.0
微生物的世界,2
非线性光学：从理论到应用,1
机器学习中的优化算法,1.5
暑期国际荣誉课程I,2.0
暑期国际荣誉课程II,2.0
无机化学实验,1.0
经济全球化与中国的崛起,2.0
现代科学的建立与演化:从古希腊先贤到爱因斯坦及发展,1.0
传统文化学习与体验,1.0
经济全球化与中国的崛起,2.0
纳米科技导论,1.0
现代科学的建立与演化:从古希腊先贤到爱因斯坦及发展,1.0
专业实习（电气）,2.0
探索中国,2.0
公共政策与城市治理,2.0
中国的气候变化、能源及环境政策,2.0
致远理科科研训练,4
项目1 基于手眼协调准则的微创手术机器人,3.0
小卫星，大智慧,2.0
反转气候变化,3.0
项目3 基于增强现实的内窥镜手术机器人关键技术,3.0
 基于虚拟现实技术和3D打印技术的口腔颌面外科手术模板数字化制造研究,3.0
新型神经电极的创新设计,3.0
燃烧化学,3.0
燃料电池纳米催化剂设计与开发,3.0
智能汽车计算机视觉,3.0
水下仿生柔性机器人的制作与建模,3.0
无人搬运机器人,3.0
智能计算机辅助诊断与医学图像分析,3.0
光通信的机器学习,3.0
基于脑电情感识别的不同文化背景下的神经模式,3.0
海洋可再生能源装置的模型试验,3.0
附加平行双分流板的圆柱尾迹流动不稳定性,3.0
模块化结构,3.0
 基于X射线衰减对比度的化学表征技术,3.0
利用近红外光谱技术快速在线回收电子垃圾中的废塑料的环保技术,3.0
具有增强水通量和抗污染性能的磺化超支化聚合物纳滤膜的研究,3.0
酰胺肟改性聚丙烯腈吸附水溶液中三价锑的研究,3.0
 肿瘤转移新靶点的机制及治疗方法的研究,3.0
扫描隧道显微镜成像拓扑材料,3.0
古罗马文明,2.0
程序正义与经典案例解析,2.0
食品安全与科学理性,2.0
灾害地质,2.0
苏联史,2.0
视听文化与现代文学,2.0
用于追踪活动物干细胞外显子体的分子探针的研制,3.0
拓扑绝缘体薄膜的分子束外延生长,3.0
 水稻花穗发育的形态建成,3.0
长非编码RNA调控血管平滑肌细胞的迁移,3.0
重组生物药物与单克隆抗体药物发现,3.0
基于用户需求研究的用户体验设计研究,3.0
多模态神经成像和神经调控技术,3.0
 bFGF基因工程内皮祖细胞-缺血性卒中治疗,3.0
 水稻雄性不育基因的克隆及功能鉴定,3.0
 数字测绘与建筑遗产调查,3.0
气候适应性智能城市研究,3.0
现代科学的建立与演化:从古希腊先贤到爱因斯坦及发展,1
大学英语（4）,3.0
大学英语（4）,3.0
应用数学方法（1）,4
大学英语（4）,3.0
大学英语（4）,3.0
应用回归分析与R语言,4
线性代数 I,4
体育（1）,1.0
体育（1）,1.0
微分方程,4
大学化学（J类）,4
线性代数和微分方程A,4
线性代数和微分方程B,4
普通物理（2）,4
强化物理（J类）（2）,4
普通物理实验（2）,1
科技写作与交流,1
离散数学（J类）,4
体育（1）,1.0
体育（1）,1.0
马克思主义基本原理,3.0
法语入门,5
法语入门,5
法语入门,5
毛泽东思想和中国特色社会主义理论体系概论,3
毛泽东思想和中国特色社会主义理论体系概论,3
微波技术,3
初级法语语法（1）,6
大学英语（3）,3.0
流体力学（J类）,3
逻辑设计导论,4
体育（1）,1.0
体育（1）,1.0
体育（1）,1.0
体育（1）,1.0
体育（1）,1.0
体育（1）,1.0
体育（1）,1.0
体育（1）,1.0
体育（1）,1.0
体育（1）,1.0
体育（1）,1.0
体育（1）,1.0
体育（1）,1.0
体育（1）,1.0
体育（1）,1.0
体育（1）,1.0
体育（1）,1.0
体育（1）,1.0
机械与动力综合实验I-A,3
大学英语（4）,3.0
面向创业者的移动应用程序开发,3
体育（1）,1.0
体育（1）,1.0
体育（1）,1.0
体育（1）,1.0
体育（1）,1.0
中国近现代史纲要,3
法语入门,5
大学医科数学（A类）（1）,4
生物力学,2
高等数学（A）（1）,6.0
一元微积分,5
一元微积分,5
一元微积分,5
体育（1）,1.0
体育（1）,1.0
体育（1）,1.0
体育（1）,1.0
体育（1）,1.0
体育（1）,1.0
体育（1）,1.0
高等数学（A）（1）,6.0
高等数学（A）（1）,6.0
体育（1）,1.0
体育（1）,1.0
体育（1）,1.0
形势与政策,0.5
体育（1）,1.0
体育（1）,1.0
汉语一（上）,2
汉语一（下）,2
中国文化概论,2
形势与政策,0.5
线性代数（B类）,3.0
线性代数（B类）,3.0
线性代数（B类）,3.0
体育（1）,1.0
体育（1）,1.0
工程导论,4
计算机导论,4
大学英语（4）,3.0
大学英语（4）,3.0
数字通信信号与系统,4
大学英语（4）,3.0
高等电磁学,4
体育（1）,1.0
体育（1）,1.0
国际贸易理论与政策,3
英语听说（1）,3
国际政治概论,3
组织管理研究方法,2
体育（1）,1.0
体育（1）,1.0
体育（1）,1.0
体育（1）,1.0
体育（1）,1.0
体育（1）,1.0
体育（1）,1.0
体育（1）,1.0
体育（1）,1.0
体育（1）,1.0
体育（1）,1.0
大学英语（4）,3.0
英语阅读与写作（1）,2
英语听说（1）,2
英语听说（1）,2
英语视听说（1）,4.0
中国历史,3
体育（1）,1.0
体育（1）,1.0
体育（1）,1.0
体育（1）,1.0
大学英语（3）,3.0
功能金属材料,2
材料热力学,4
思想道德修养与法律基础,3.0
思想道德修养与法律基础,3.0
中国近现代史纲要,3
国际经济关系,3
大学英语（4）,3.0
大学英语（4）,3.0
德语（1）,2
大学英语（4）,3.0
计算机导论,4
大学化学（J类）,4
综合英语（J类）,4
综合英语（J类）,4
综合英语（J类）,4
综合英语（J类）,4
综合英语（J类）,4
综合英语（J类）,4
综合英语（J类）,4
综合英语（J类）,4
综合英语（J类）,4
体育（1）,1.0
线性代数,4
图像处理,3
体育（1）,1.0
大学英语（2）,3
大学英语（2）,3
英语科技文献分析与写作,2
生物医学仪器与设计,4
算法导论,4
操作系统导论,4
本科生科研项目,3
高级科技写作与交流,2
随机过程（J类）,4
体育（1）,1.0
体育（1）,1.0
体育（1）,1.0
商务法语（1）,2
体育（1）,1.0
植物生物技术:过去、现在和未来,2
高等数学（A）（1）,6.0
体育（1）,1.0
体育（1）,1.0
体育（1）,1.0
体育（3）,1.0
高等数学（A）（1）,6.0
体育（1）,1.0
体育（1）,1.0
体育（1）,1.0
体育（1）,1.0
体育（1）,1.0
电路设计导论,4
电路设计导论,4
工程热力学（J类）（1）,3
固体力学,4
电磁学（J类）（1）,4
数据结构与算法（J类）,4
电子电路,4
数字集成电路,4
光学原理,4
计算机组成件导论,4
综合英语（J类）,4
综合英语（J类）,4
综合英语（J类）,4
大学英语（4）,3.0
德语（2）,2
体育（1）,1.0
体育（1）,1.0
体育（1）,1.0
体育（1）,1.0
体育（1）,1.0
体育（1）,1.0
线性代数 I,4
德语（3）,2
社会企业导论,3
体育（1）,1.0
大学英语（3）,3.0
大学英语（3）,3.0
大学英语（3）,3.0
大学英语（3）,3.0
大学英语（3）,3.0
微积分（1）,4
高等数学A1,4
高等数学B1,4
体育（1）,1.0
大学英语（4）,3.0
职业道德与工程规范,2
体育（1）,1.0
体育（1）,1.0
体育（1）,1.0
体育（1）,1.0
线性代数（B类）,3.0
工程物理与化学基础（2）,6
工程导论,1
基础综合数理实践项目-A,4
基础综合数理实践项目-B,3
热学,2
固体物理学,3
燃烧学,3
能源转换材料,3
生命科学实验探索,2
生命科学实验探索,2
体育（1）,1.0
体育（1）,1.0
大学英语（1）,2
大学英语（1）,2
大学英语（1）,2
大学英语（1）,2
大学英语（1）,3
大学英语（2）,3
大学英语（2）,3
人工智能理论与应用,3
中国哲学导论：通过古代中国了解当代,3
体育（1）,1.0
体育（1）,1.0
汉语三（上）,2
体育（1）,1.0
体育（1）,1.0
体育（1）,1.0
体育（1）,1.0
体育（1）,1.0
体育（1）,1.0
体育（1）,1.0
体育（1）,1.0
体育（1）,1.0
体育（1）,1.0
体育（1）,1.0
体育（1）,1.0
体育（1）,1.0
体育（1）,1.0
材料力学,3
材料机械性能（J类）,4
实验一,4
设计与制造（3）,4
系统设计与实现,4
跨境跨学科设计项目（1）,4
大学英语（4）,3.0
职业道德与工程规范,2
线性代数 I,4
英语高级听说（1）,2
英语高级听说（1）,2
大学英语（3）,3.0
大学英语（3）,3.0
大学英语（3）,3.0
体育（1）,1.0
体育（1）,1.0
体育（1）,1.0
高等数学（B类）（1）,4
管理学原理（D类）,3
军事理论与军训,6
自动控制（J类）,3
本科生科研项目,3
实验二,4
大学英语（4）,3.0
全球视野中的中国历史,3
大学英语（4）,3.0
"
现代东亚的饮食与历史变迁",4
大学英语（4）,3.0
体育（1）,1.0
体育（1）,1.0
体育（1）,1.0
体育（1）,1.0
体育（1）,1.0
体育（1）,1.0
液相物理化学,3
民族主义与族群政治,2
大学医科数学（A类）（1）,4
体育（1）,1.0
体育（1）,1.0
体育（1）,1.0
电工与电子技术（A类）实验,1.5
电工与电子技术（C类）,3
软件工程,1
工程问题建模与仿真,2
基本电路理论,4.0
基本电路理论,4.0
宝玉石鉴赏,2
市场调研,2
市场调研,2
政治与社会心理学,2
现代汽车排放污染物控制新技术,3
初级汉语,4
景观艺术学,3
程序设计基础（C++）,3
程序设计基础（C++）,3
程序设计基础（C++）,3
测量学,3
普通话正音,2
英语翻译基础（1）,2
汉语综合课（3）,6.0
形势与政策,0.5
形势与政策,0.5
初级汉语,4
佛教哲学,2
拉丁语（II）,2
战后日本社会,2
香港电影专题研究,2
中西方建筑文化,2
周易哲W,2
歌曲欣赏与演唱,2
插花艺术,1
插花艺术,1
动画编剧,3
技术创新管理,3
大学英语（2）,3
大学英语（2）,3
大学英语（2）,3
大学英语（2）,3
技术创新管理,3
生命科学史,1
技术创新管理,3
统计学,3
统计学,3
理论力学（E类）,4
理论力学（E类）,4
理论力学（E类）,4
理论力学（E类）,4
理论力学（E类）,4
理论力学（E类）,4
理论力学（E类）,4
理论力学（E类）,4
大学英语（2）,3
大学英语（2）,3
程序设计思想与方法（C++）,3.0
程序设计思想与方法（C++）,3.0
程序设计思想与方法（C++）,3.0
程序设计思想与方法（C++）,3.0
程序设计思想与方法（C++）,3.0
程序设计思想与方法（C++）,3.0
程序设计思想与方法（C++）,3.0
程序设计思想与方法（C++）,3.0
程序设计思想与方法（C++）,3.0
程序设计思想与方法（C++）,3.0
东西方文化概论,2
政治经济学,2
微观经济学,3
经济与管理精要（1）,1
大学英语（2）,3
大学英语（2）,3
大学英语（2）,3
程序设计思想与方法（C++）,3.0
程序设计思想与方法（C++）,3.0
偏微分方程,3
微分几何,3
计算机组成与系统结构,5
数据库原理,4
软件工程,3.5
网络环境下的文科信息检索,2
听力科学,4
基础法语(上),4
基础日语(上),4
基础日语(上),4
日语与跨文化交流,2
基础日语(下),4
英语演讲,2
基本数值计算方法（Matlab版）,2
数理方法,3.0
数理方法,3.0
工程学导论,3.0
工程学导论,3.0
工程学导论,3.0
工程学导论,3.0
工程学导论,3.0
工程学导论,3.0
工程学导论,3.0
工程学导论,3.0
英语读写（1）,4
英语读写（1）,4
英语读写（1）,4
英语语言学概论（1）,2
英语语言学概论（1）,2
英语文学导论（1）,2
数理方法,3.0
生命科技与人类生活,2
物理学实验（2）,1.5
物理学实验（2）,1.5
体育（3）,1.0
体育（3）,1.0
体育（3）,1.0
体育（3）,1.0
动画场景设计,3
白描摹写与写生,3
体育（3）,1.0
德语视听说（2）,2
德语口语（2）,2
德语写作（1）,2
德语泛读（1）,2
日语视听说（2）,2
日语口语（3）,2
日语泛读（1）,2
日语（第二外语）,2
日语（第二外语）,2
生命科学进展,2
美学概论,2
中国近代史专题研究,3
美术与建筑表现,4
建筑设计及原理（1-1）,8
世界近现代史,3
概率统计,3.0
概率统计,3.0
概率统计,3.0
歌唱的呼吸与发声,2
非洲鼓演奏体验,2
概率统计,3.0
概率统计,3.0
管理学原理（D类）,3
宋元山水,3
梅兰竹菊与创作,3
书法篆刻创作,3
市场营销学（B类）,3
市场营销学（B类）,3
数理方法,3.0
管理建模与仿真,2
发展经济学（A类）,2
发展经济学（A类）,2
环境经济学,2
环境经济学,2
环境经济学,2
产业组织理论（A类）,3
OpenGL开发实时3D动画程序,2
政治经济学,2
政治经济学,2
政治经济学,2
大学英语（2）,3
工程学导论,3.0
工程学导论,3.0
工程学导论,3.0
工程学导论,3.0
工程学导论,3.0
工程学导论,3.0
工程学导论,3.0
工程学导论,3.0
工程学导论,3.0
英语阅读与写作（1）,2
德语会话（1）,2
德语听说,2
基础德语（1）,10
健康中国（1）,2
环境微生物学实验,1
摄影基础,2
佛教与中国传统文化,2
西方哲学史,3
外国文学史,3
理论力学（E类）,4
理论力学（E类）,4
理论力学（E类）,4
大众传媒与文化,2
新闻媒介与社会,2
现代电动汽车技术,1
航空航天概论,2
辐射与核能发展史,2
能源与可持续发展,2
花卉应用学,2
芳香疗法与身心健康,2
现代医学导论,2
格律诗词写作,2
工程实践（电类）,2
电工与电子技术（D类）,4
中药学通论,2
分析力学,4
分析力学,4
数学物理方程,3
数学物理方程,3
复变函数与概率统计,4
复变函数与概率统计,4
编剧基础,3
图形创意设计,2
经济与社会伦理,2
体育（3）,1.0
体育（3）,1.0
体育（3）,1.0
体育（3）,1.0
体育（3）,1.0
体育（3）,1.0
体育（3）,1.0
工程程序设计,2
英语视听说（3）,4.0
英语视听说（3）,4.0
英语视听说（3）,4.0
英语读写（3）,4
英语读写（3）,4
计算机辅助设计,1
园林制图（A类）,3
在实验中探究生物技术,2
幸福人生,2
关注癌症,2
数理方法,3.0
数理方法,3.0
中外经典戏剧导读,2
影视理论与批评,2
马克思主义基本原理,3.0
马克思主义基本原理,3.0
马克思主义基本原理,3.0
工程图学（1）,2
生物学导论实验,1
生物化学（B类）（1）,3
生物学野外实习（B类）,1
生物化学,4
复分析,4
科学计算,3
数学物理方法（1）,4
数学物理方法（2）,4
分析力学,4
英特尔前沿AI算法与实践,2
VR/AR设计与开发实践,2
物理学实验（2）,3
物理研究实践I,1
英语文学导论（1）,2
日语精读（1）*,12
日语口语（1）,2
线性代数,5
日语精读（3）,10
先进控制技术讲座,2
现代密码学,2
生命科学导论实验（A类）,1
生命科学导论实验（A类）,1
环境生态学,2
室内设计风尚研究,2.0
音乐社会学,2
改变生活的心理学研究,2
急救与自救,2
情感心理学,2
生命安全与救援――运动及户外活动中的安全与救护,2
工程实践与科技创新Ⅳ-C,2
插画设计,3.0
与风景的对话:中外园林艺术欣赏,2
包装设计（1）,6.0
网页设计,4.0
平面设计史,2.0
容器设计,2.0
图形设计,3.0
室内设计（1）,6.0
生命科学导论实验（A类）,1
素描（1）,4.0
大学英语（2）,3
大学英语（2）,3
大学英语（2）,3
大学英语（2）,3
医用基础化学(C类),3.5
货币金融学,2
货币金融学,2
货币金融学,2
货币金融学,2
人工智能交互技术,2
设计视角下的三维数字化设计制造技术应用,2
移动机器人定位导航与实践,2
腾讯游戏程序设计及经典案例分析,2
数据库基础及SAS应用,3
数据库基础及SAS应用,3
毛泽东思想和中国特色社会主义理论体系概论,6
工程实践与科技创新Ⅱ-B,2
综合实验训练二,1.5
数据科学引论――Python之道,2
形势与政策,0.5
形势与政策,0.5
形势与政策,0.5
形势与政策,0.5
形势与政策,0.5
职业生涯发展与规划,2
职业生涯发展与规划,2
药物发展:延续生命的奥秘,2
脑与日常行为,2
性与健康,3
普通心理学,2
生命科学导论,2
生命科学导论,2
生命科学导论,2
国际贸易实务,3
国际贸易实务,3
Unreal程序开发与实践,2
数据结构与算法,3
数字逻辑设计,4
市场调研：方法与实践,2
市场调研：方法与实践,2
中国文化的全球传播,2
经济全球化与中国的崛起,2
形势与政策,0.5
信息素养与实践,2
工程图学（1）,2
工程图学（1）,2
工程图学（1）,2
工程图学（1）,2
工程制图与CAD,3
工程制图与CAD,3
工程实践(A类),4
数据结构A,4
管理信息系统（B类）,2
管理信息系统（B类）,2
基础生物化学实验,1.5
细胞生物学,2
艺术概论,2
新媒体导论,2
传播学概论,2.0
社会调查方法,2
组织传播,2
体育（3）,1.0
体育（3）,1.0
体育（3）,1.0
体育（3）,1.0
体育（3）,1.0
体育（3）,1.0
货币金融学,2
金融学原理,3
国际投资学,3
国际投资学,3
国际投资学,3
固定收益证券分析,3
固定收益证券分析,3
固定收益证券分析,3
数据结构（G类）,4
公共行政概论,3
公共政策导论,3
中国政府与公务员制度,3
劳动与社会保障,3
中国现当代文学史,3
《论语》、《孟子》选讲,3
现代汉语,3
建筑力学（1）,2
动物学,2.5
画法几何与阴影透视,2
普通生物学,3
普通生物学实验,1
心血管疾病生物学,1
微生物基因组学与抗菌素耐药性,1
工业与环境微生物技术,2
医用基础化学(C类),3.5
设计基础（A类）（1）,3.0
平面构成,3.0
色彩（Ⅰ）,4.0
设计概论,2.0
全球化创新：原理与实践,3
有限域与密码学概论,2
计算机体系结构与网络,5.5
信号处理,4.5
程序设计语言理论与算法,4
大学英语（2）,3
大学英语（2）,3
大学英语（2）,3
大学英语（2）,3
大学英语（2）,3
大学英语（2）,3
大学英语（2）,3
工程学导论,3.0
工程学导论,3.0
历史视野下的美国文化,2
国际文化贸易,3
历史视野下的美国文化,2
英语写作,2
文化投资与管理,3
欧洲文化导论,2
英语公众演讲,2
社会学原理（A类）,3
公共行政学,3
政治学原理,3
管理技能与创新实践（一）,2
英语视听说（1）,4.0
英语视听说（1）,4.0
数学分析（C类）（1）,6
数学分析（C类）（1）,6
数学分析（A类）（1）,5
数学分析（A类）（1）,5
线性代数,5
初级汉语,4
英语公众演讲,2
学术英语交际:写作与发言,2
英美名诗赏析,2
工程力学（1-理论力学部分）,2
工程力学（1-理论力学部分）,2.5
静力学与动力学基础,3
静力学与动力学基础,3
静力学与动力学基础,3
静力学与动力学基础,3
线性代数（B类）,3.0
毛泽东思想和中国特色社会主义理论体系概论,6
车联网与智慧城市,1
汽车文化与设计哲学,2
航空航天技术历史与展望,2
职业生涯发展与规划,2
会计学,3
探索奇妙的蛋白质世界,2
程序设计思想与方法,3
程序设计思想与方法,3
大学英语（2）,3
大学英语（2）,3
大学英语（2）,3
海洋世界探秘,2
微生物的世界,2
微生物的世界,2
大学生健康导论,2
商法,4
行政法与行政诉讼法,3
知识产权法（C类）,2
民事诉讼法,3
刑事诉讼法,2
三维动画创作,4
DV编导,3
摄影基础（A类）,2
管理心理学,3
新产品管理,2
市场营销学（B类）,3
定价策略,2
采购和供应管理,2
物流与供应链管理,3
运营管理,3
程序设计思想与方法,3
电子技术,3
电子技术,3
探索微观物质世界,2
当代中国社会问题,2
领导力学习与实践,2
政治人的成长,2
大国战略,2
中国经济专题,2
中国经济专题,2
中国经济专题,2
中国经济专题,2
工程学导论,3.0
工程学导论,3.0
工程学导论,3.0
工程学导论,3.0
工程学导论,3.0
工程学导论,3.0
工程学导论,3.0
医用基础化学(A类),5
医用基础化学(A类),5
医用化学（B类）,2
医用基础化学(D类),3
医用基础化学(D类),3
护理心理学,2
护理伦理学,1
大学英语（2）,3
大学英语（2）,3
职业生涯发展与规划,2
电子技术,3
电子商务（B类）,2
电子商务（B类）,2
电子商务（B类）,2
物联网技术与智慧城市,2
机器人触觉感知,2
新能源技术及应用,2
国际关系学导论,2
大学物理（A类）（2）,4.0
电子技术,3
基因与人,2
电子技术,3
自然界中的混沌与分岔,2
电子技术,3
药学、化学山海经,1
运筹学（C类）,3
《礼记》选读,2
研究选题与论文写作,2
大学物理（A类）（2）,4.0
大学物理（A类）（2）,4.0
文字中国,2
民间文学,2
民俗学,2
中国历史地理,2
西方宗教文化概论,2
精神分析与文学,2
数理方法,3.0
数理方法,3.0
区域经济学（B类）,2
公司治理,2
全球化下的国际经济分析,2
全球化下的国际经济分析,2
劳动经济学,2
国际经济学（2）,2
国际经济学（2）,2
应用计量经济学,3
商务英语沟通,3
制造实践(B类),2
制造实践(B类),2
工程实践(A类),4
工程实践(A类),4
工程实践（电类）,2
工程实践（电类）,2
工程实践（电类）,2
日语视听说（M类）（4）,3
法语会话,3
中级法语（2）,6
大学物理（A类）（2）,4.0
美术基础,2
数据结构与算法,2
数据结构与算法,2
工程问题建模与仿真,2
冯卡门和空气动力学,1
跨文化管理,2
常微分方程,3
数值分析,3
Tridium物联网架构及其智慧楼宇实践,2
“UTJS”体验式教育:大学生演讲与沟通训练,2
“UTJS”体验式教育:大学生演讲与沟通训练,2
工程体验与创新,2
刑法分论,3
材料热力学,4
职业发展（1）,1
概率论,4
复变函数,4
概率论与随机过程,4
数学分析,4
原子物理,3
原子物理,3
新闻实务（二）,3
互联网与新媒体实务,3
电视摄像与编辑,3
公共关系理论与实务,3
广告理论与实务,3
中外新闻传播史,2
生活中的毒理学,3
唐诗宋词人文解读,2
艺术、媒介与创造性思维,2
媒体创意经济,2
科学与艺术:材料科学与设计艺术,2
科学与艺术:材料科学与设计艺术,2
设计调研,3.0
建筑设计初步（B类）,3
空间模型设计,2.0
日常生活中的心理学,2
形势与政策,0.5
程序设计思想与方法,3
体育（3）,1.0
体育（3）,1.0
中级微观经济学,4
海洋学导论,2
工程经济学,2
英美名诗赏析,2
马克思主义基本原理,3.0
量子力学,3
量子波澜：历史与概念,2
生物化学（F类）,3
工程实践(B类),2
工程实践(B类),2
制造实践(A类),4
实变函数,4
电类工程导论（C类）,4
创意设计与快速成形,2
ROS机器人操作系统基础与实战,2
移动机器人创新设计,2
嵌入式平台深度学习实践,2
开源硬件创客实战,2
食品与工业微生物学,2
会计学,3
中级微观经济学,4
理论力学（D类）,4.5
理论力学（C类）,4
《论语》、《孟子》选读,2
体育（3）,1.0
体育（3）,1.0
体育（3）,1.0
体育（3）,1.0
体育（3）,1.0
体育（3）,1.0
商法,3
知识产权法（A类）,3
刑事诉讼法,3
合同法,3
三大构成,2
生物化学实验,1.5
生物化学实验,1.5
基础生物化学实验,1.5
细胞生物学实验,2
细胞生物学实验,2
细胞生物学实验,2
古代汉语,4
中国文学史（3）,4
会计学,3
会计学,3
遗传发育与精神神经疾病,1
市场营销学（B类）,3
色彩,3
色彩,3
比较政治经济学,3
动物解剖学,2
形势与政策,0.5
形势与政策,0.5
形势与政策,0.5
形势与政策,0.5
毛泽东思想和中国特色社会主义理论体系概论,3
毛泽东思想和中国特色社会主义理论体系概论,3
毛泽东思想和中国特色社会主义理论体系概论,3
毛泽东思想和中国特色社会主义理论体系概论,3
毛泽东思想和中国特色社会主义理论体系概论,3
毛泽东思想和中国特色社会主义理论体系概论,3
毛泽东思想和中国特色社会主义理论体系概论,3
电路与电子学,6
数据结构,4
数据结构,4
线性优化与凸优化,2.0
生物学实验（1）,4
生物化学,4
生物化学讨论课,2
计算机系统（1）,4
代数结构,3
学子讲坛（3）,2
形势与政策,0.5
物理化学实验,2
物理化学实验,2
物理化学实验,1.5
物理化学,3
物理化学（C类）,4
物理化学（C类）,4
物理化学（C类）,4
物理化学(A)(1),4
物理化学(B)(1),3
西方美术史,2
气味科学中的健康密码,2
国花、市花与文化,2
生命科学导论,2
地球生命,2
大学生健康导论,2
生命科学导论,2
随机模拟方法与应用,3
数学的天空,3
中国传统文化中的数学算法,2
马克思主义基本原理,3.0
科学技术史,2
形势与政策,0.5
形势与政策,0.5
形势与政策,0.5
形势与政策,0.5
形势与政策,0.5
工程经济学,2
消费者行为学（A）,2
宏观经济学（B类）,2
管理学,2
全球运营与管理,2
生物化学（D类）,3
生物化学（D类）实验,2
中医诊断学,7
推拿手法学（1）,3
推拿功法学（1）,1.5
理论力学（D类）,4.5
生命科学导论,2
马克思主义基本原理,3.0
马克思主义基本原理,3.0
马克思主义基本原理,3.0
基础工业工程,3
工程与社会,3
工程与社会,3
工程与社会,3
工程与社会,3
工程图学（1）,2
工程图学（1）,2
昭明《文选》讲读,2
中国现代诗歌导读,2
俄苏文学经典,2
《史记》选读,2
读书报告（一）（专业导师制活动）,1
中级有机化学,3
管理基础,2
数学史,3
中级有机化学实验,1
数理逻辑,3
有机化学（2）,4
物理化学(1),4
电子商务：创新与战略,2
会计学,3
会计学,3
法语泛读,3
大学物理（A类）（2）,4.0
法语听力（2）,3
法语听力（2）,3
大学物理（A类）（2）,4.0
新媒体广告策划与案例分析,3
新媒体产品管理,3
经济法,3
经济法,3
工程图学（1）,2
工程图学（1）,2
中医药与中华传统文化,2
积极心理学,3
创业管理,2
全球变化概论:原因和应对策略,1
走进神秘的番茄世界,2
现代农业与生态文明,1
植物嫁接理论与技术,1
都市现代农业工程,2
市场营销学（B类）,3
风险与社会保障,2
机器的征途：空天科技,2
推理与思维训练,2
老庄元典选读,3
组织文化研究,2
遗传学与社会,2
环境与健康,2
世界民族音乐鉴赏,2
交响音乐鉴赏,2
神话与创意,2
有机化学实验（1）,2
科研能力培养（1）,1
材料热力学,4
计算机硬件与软件原理,3
3D技术创新实践,2
动物解剖学实验,1
形势与政策,0.5
形势与政策,0.5
形势与政策,0.5
形势与政策,0.5
形势与政策,0.5
马克思主义基本原理,3.0
马克思主义基本原理,3.0
马克思主义基本原理,3.0
体育（5）,1
体育（5）,1
毛泽东思想和中国特色社会主义理论体系概论,3
毛泽东思想和中国特色社会主义理论体系概论,3
中外文学经典分析,2
文化产业学,2
文化管理学,3
中国经济专题调研,6
信息系统分析与设计,3
会展项目管理,2
认识实习与社会实践（经管类）,6
国际金融（B类）,2
马克思主义基本原理,3.0
商业模式设计与创新,2
项目管理,2
风险管理,2
货币金融学,2
工程经济学(F类),2
市场营销学（B类）,3
大学物理实验（2）,1
大学物理实验（2）,1
大学物理实验（2）,1
概率统计,3.0
危机与公共关系,2
概率统计,3.0
概率统计,3.0
材料加工智能化发展引论,1
土木建筑与可持续发展,2
海洋科学,2
普适数字学习,2
3S技术:遥感、导航与地理信息系统,1
反恐怖战略研究,2
音乐与音效,3
食品安全风险评估,3
食品经济与市场分析,3
食品分析,3
生命科学导论,2
信息素养与实践,2
历史视野下的美国文化,2
宇宙与人类,2
职业生涯发展与规划,2
职业生涯发展与规划,2
市场营销学（B类）,3
微生物海洋学与极端生命,2
创业基础,2
中国医疗保险制度的转型发展与创新,2
世界文化史,2
马克思哲学经典著作导读,2
食品安全学,3
材料力学（B类）,4
材料力学（B类）,4
创业机会识别,2
工程力学实验,1
工程力学实验,1
核能与环境,2
知识融合与创新设计,2
绝对零度的奇迹：超流与超导,2
经济学初阶：问题与趣味，方法与分析,2
热物理学的建立与演化,2
大学物理（A类）（2）,4.0
大学物理（A类）（2）,4.0
海洋学导论,2
海洋学导论,2
职业生涯发展与规划,2
职业生涯发展与规划,2
公司金融学,3
公司金融学,3
公司金融学,3
培训与开发,2
组织设计与发展,2
C++程序设计,3
统计学,3
精准医学与我们的健康,2
电子技术,3
材料与文明,2
力学仿生――启示与探索,2
建筑赏析,2
工程经济与管理,2
海洋可再生能源,2
中国文化史,3
建筑设计原理（上）,2
通俗音乐概论,3
音乐作品分析,3
作曲技术理论（1）,3
定价策略,2
中国文学批评史,3
文学概论,3
历史地理学概念,3
历史学的理论与方法,2
世界民族民间音乐,3
数字音乐制作,3
工程实践与科技创新I,2
台湾研究,2
环境与可持续发展,2
创新思维与现代设计,2
走进纳米科学,2
研究选题与论文写作,2
研究选题与论文写作,2
研究选题与论文写作,2
英语读写（3）,4
翻译概论,2.0
翻译概论,2.0
翻译概论,2.0
跨文化交际,2
物理研究实践I,1
强化物理（2）,4
电子技术,3
力学仿生――启示与探索,2
电子技术,3
中西乐理及其应用,2
中西乐理及其应用,2
交响音乐鉴赏,2
哲学与方法论,2
马克思主义基本原理,3.0
工程实践（电类）,2
工程实践（电类）,2
电化学能量储存与转换,1
电子废物-资源-环境,2
奇妙的低温世界,2
21世纪企业制造模式:精益生产,2
先进核能系统材料：挑战与展望,2
全球天然气发展与展望,1
能量转换――从瓦特蒸汽机到燃气轮机,2
智能材料结构系统与应用,2
神奇的流体：空气动力学基础理论及应用,2
工程力学实验,1
创业机会识别,2
创业机会识别,2
经济学,2
摄影与摄像,3
大学物理（A类）（2）,4.0
大学物理（A类）（2）,4.0
计算机辅助设计,3
开发性产品设计,3
表现技法,3
大学物理（A类）（2）,4.0
大学物理（A类）（2）,4.0
数学分析（A类）（3）,4
专业研讨课（1）,1
常微分方程与动力系统,3
体育（3）,1.0
体育（3）,1.0
人机工程学,2.0
国花、市花鉴赏,2
产品设计初步,3
营养、菌群与健康,1
大学物理（A类）（2）,4.0
日语视听说（M类）（2）,3
日语精读（M类）（4）,6
金融工程学,3
中西乐理及其应用,2
大学语文,2
交响音乐鉴赏,2
美国的文化与历史,2
中西乐理及其应用,2
国际服务贸易,2
税务学（A类）,3
证券投资分析,2
商业统计分析和数据挖掘,2
植物与生活,2
家庭园艺与兴趣实践,1
现代心理学,2
食品营养与健康,2
影视艺术学,2
统计学,3
统计学,3
环境修复与人类健康,2
英语精读（2）,3
脑的奥秘与精神健康,2
金融学,3
战略财务管理,2
管理会计,2
消费者行为,2
电子商务（B类）,2
英语实用写作（1）,2
英语文学经典选读,2
基础德语（3）,8
大学物理（B类）（2）,3
大学物理（B类）（2）,3
大学物理（B类）（2）,3
生物化学（E类）,5
生物学导论实验,1
英语视听说（2）,3
英语视听说（2）,3
语言学概论,2
科技翻译,3
高级德语（2）,3
德语视听说（4）,3
概率统计,3.0
概率统计,3.0
财务管理,3
市场营销学（B类）,3
国际贸易实务,3
国际贸易实务,3
国际贸易实务,3
交响音乐鉴赏,2
交响音乐鉴赏,2
运筹学,3
概率统计,3.0
人造器官与再生医学,1
经济法,3
治理之善：公共行政热点解析,2
中俄关系的演变与展望,3
政治的边界与逻辑,2
公共危机中的化学,2
清洁能源技术：原理与应用,2
人与环境,3
人与环境,3
形象思维与工程语言,2
脑与机器人,2
大学使命与大学文化,2
科学技术史,2
“UTJS”体验式教育:大学生演讲与沟通训练,2
“UTJS”体验式教育――大学生演讲与沟通技能训练,1
&quot;UTJS&quot;体验式教育－－大学生团队沟通与合作技能,1
&quot;UTJS&quot;体验式教育－－大学生团队沟通与合作技能,1
中国现代文学与电影,3
中国经典诗词与中华文化诠释,2
大学物理（A类）（2）,4.0
大学物理（A类）（2）,4.0
大学物理（A类）（2）,4.0
大学物理（A类）（2）,4.0
运筹学,3
强化物理（2）,4
物理实验（2）,3
物理实验（2）,3
大学物理（B类）（2）,3
大学物理（B类）（2）,3
工程问题建模与仿真,2
人体解剖生理学,2
药学文献检索,2
大学物理（荣誉）（2）,4
大学物理（荣誉）（2）,4
大学物理（荣誉）（2）,4
毛泽东思想和中国特色社会主义理论体系概论,3
新船型研究与探索,2
数据结构B,2
美国的文化与历史,2
德语写作,3
基础德语（2）,6
德语视听说（2）,3
日语精读（M类）（2）,6
大学物理（A类）（2）,4.0
大学物理（A类）（2）,4.0
专业实习（传播学）（2）,1
模型制作,3.0
专题设计（2）,1.0
计算机辅助设计（1）,2.0
产品设计（1）,3.0
产品设计工程学,2
电影大师研究,2
大学物理（A类）（2）,4.0
大学物理（A类）（2）,4.0
概率统计,3.0
功能氧化物材料制备及晶体生长科学,2
运筹学（C类）,3
运筹学（C类）,3
运筹学（C类）,3
概率统计,3.0
中级微观经济学,4
货币金融学,2
金融工程学,3
商业银行经营管理,3
商业银行经营管理,3
人力资源管理,3
数据结构B,2
数据结构C,2
体育（3）,1.0
体育（3）,1.0
程序设计与数据结构,2
体育（3）,1.0
英语短篇故事赏析,2
古汉语选读,2
日语二外（1）,4
德语二外（1）,4
法语二外（1）,4
英语实用写作（1）,2
智能图像处理应用,2
书法艺术,2
篆刻艺术,2
素描,2
人力资源管理,3
人力资源管理,3
经济法,3
战略管理,2
侵权法,3
宏观经济学,3
公共组织行为学,3
现代政府原理,3
非政府非营利组织,3
统计学原理,3
管理学原理（D类）,3
管理心理学,3
管理心理学,3
技术创新管理,2
国际经济学（1）,3
中级微观经济学,4
展示与专卖设计,3.0
包装设计（2）,6.0
计算机系统基础（1）,5
软件工程创新实践基础,2
中国新闻解读与中国问题研究,2
时政评论,2
无人驾驶算法开发,3
初识腾讯云计算,1
Maya高精数字艺术建模,2
形势与政策,0.5
中国近现代史纲要,3
中国近现代史纲要,3
法语写作（1）,2
法语写作（1）,2
法语写作（1）,2
高等电磁学,4
工程物理与化学基础（1）,4
公司金融,3
大学英语（3）,2
中国近现代史纲要,3
中国近现代史纲要,3
体育（3）,1.0
体育（3）,1.0
体育（3）,1.0
体育（3）,1.0
体育（3）,1.0
复分析,3
大学物理实验（2）,1
中国近现代史纲要,3
中国近现代史纲要,3
中国近现代史纲要,3
中国近现代史纲要,3
大学英语（4）,3.0
大学英语（4）,3.0
数据结构与算法,2
核心阅读II（X）,3
大学物理（A类）（2）,4.0
核心阅读II（X）,3
大学英语（3）,3.0
预科英语（1）,4
大学语文,4
预科数学（1）,6
民族理论与民族政策,2
计算机基础（1）,4
预科物理（1）,4
有限域与密码学概论,2
信号处理,4.5
程序设计语言理论与算法,4
泛函分析与偏微分方程,3
工程流体动力学与传热,4
世界能源问题与新能源技术,2
连续介质与结构力学,4
体育（3）,1.0
体育（3）,1.0
体育（3）,1.0
体育（3）,1.0
体育（3）,1.0
体育（3）,1.0
体育（3）,1.0
体育（3）,1.0
体育（1）,1.0
大学英语（3）,3.0
体育（3）,1.0
材料热力学,4
电路理论,3
材料力学（B类）,4
人文社科与经管（1）,2
计算机体系结构与网络,5.5
汉语综合课（1）,8
汉语听力（1）,4
初级汉语口语（1）,4
普通话正音,2
汉语阅读（1）,4
思想道德修养与法律基础,3.0
思想道德修养与法律基础,3.0
思想道德修养与法律基础,3.0
思想道德修养与法律基础,3.0
思想道德修养与法律基础,3.0
大学化学,2.0
大学化学,2.0
大学化学,2.0
大学化学,2.0
大学化学,2.0
大学化学,2.0
体育（1）,1.0
体育（1）,1.0
体育（1）,1.0
医用有机化学(C类),3.5
工程优化,4
大学英语（3）,3.0
大学英语（3）,3.0
工程学导论,3.0
工程学导论,3.0
工程学导论,3.0
中外文学史,2
科学思想背后的“小”故事（1）,1
物理学引论（A类）（1）,5
物理实验导论,2
大学英语（1）,3
大学英语（1）,3
工程实践,3
工程实践,3
工程学导论,3.0
工程学导论,3.0
工程学导论,3.0
工程学导论,3.0
工程学导论,3.0
工程学导论,3.0
新媒体导论,2
影视艺术导论,3
影视精品赏析（1-1）,2
摄影基础（B类）,3
传播学导论（A类）,2
军事理论,1.0
军事理论,1.0
军事理论,1.0
军事理论,1.0
军事理论,1.0
线性代数（B类）,3.0
无机与分析化学,4
无机与分析化学,4
大学英语（2）,3
大学英语（2）,3
大学英语（2）,3
大学英语（2）,3
大学英语（3）,2
大学英语（3）,2
大学英语（3）,2
容器设计,2.0
大学物理（A类）（1）,4.0
军事理论,1.0
计算机科学导论,4
程序设计(A类),5
程序设计(B类),5
问题求解实践(1),4
学子讲坛（1）,2
美术基础(1),4
设计基础（1）,8
建筑学概论,2
大学英语（1）,3
大学英语（1）,3
高等数学（A）（2）,4.0
高等数学（B类）（2）,4
C++程序设计（A类）,3
嵌入式系统原理与实验（A类）,4
思想道德修养与法律基础,3.0
思想道德修养与法律基础,3.0
思想道德修养与法律基础,3.0
线性代数（B类）,3.0
线性代数（B类）,3.0
大学化学实验,1
线性代数（B类）,3.0
线性代数（B类）,3.0
线性代数（B类）,3.0
体育（3）,1.0
体育（3）,1.0
体育（3）,1.0
体育（3）,1.0
体育（3）,1.0
宪法（A类）,3
泛函分析与偏微分方程,3
工程流体动力学与传热,4
世界能源问题与新能源技术,2
连续介质与结构力学,4
材料科学基础,2
电动力学,4
工程师文化（3）,2
工程师文化（1）,2
无机与分析化学,4
数学分析（荣誉）（1）,5
材料美学,2
体育（1）,1.0
体育（1）,1.0
体育（1）,1.0
体育（1）,1.0
线性代数（荣誉）,3
机械工程实践项目,2
C程序与算法分析,2
泛函分析,4
大学英语（2）,3
出国实用英语,2
出国实用英语,2
出国实用英语,2
出国实用英语,2
大学英语（3）,3.0
军事理论,1.0
医用基础化学(C类),3.5
力学,3
无机与分析化学,4
无机与分析化学实验,2
无机与分析化学实验,2
无机与分析化学实验,2
力学,3
热学,2
物理学实验导论,2
物理学实验导论,2
形势与政策,0.5
形势与政策,0.5
形势与政策,0.5
形势与政策,0.5
形势与政策,0.5
形势与政策,0.5
程序设计思想与方法（C++）,3.0
C语言程序设计,3
军事理论,1.0
无机与分析化学实验,2
无机与分析化学实验,2
无机与分析化学实验,2
程序设计思想与方法（C++）,3.0
医用物理学（B类）,2.5
医用物理学（A类）,4
医用物理学（A类）,4
医用物理学（A类）,4
医用物理学（A类）实验,1.5
医用物理学（A类）实验,1.5
大学物理（D类）（1）,2
大学物理（D类）（1）,2
生命科学导论实验（A类）,1
大学化学（荣誉）,3
大学化学（荣誉）,3
大学化学（荣誉）,3
大学化学实验,1
大学化学实验,1
心理与行为,2
管理学原理（D类）,3
管理学原理（D类）,3
管理学原理（D类）,3
管理学原理（D类）,3
大学英语（2）,3
大学英语（2）,3
大学英语（2）,3
大学英语（2）,3
大学英语（2）,3
大学英语（2）,3
程序设计思想与方法（C++）,3.0
程序设计思想与方法（C++）,3.0
程序设计思想与方法（C++）,3.0
程序设计思想与方法（C++）,3.0
程序设计思想与方法（C++）,3.0
程序设计思想与方法（C++）,3.0
军事理论,1.0
军事理论,1.0
军事理论,1.0
军事理论,1.0
军事理论,1.0
军事理论,1.0
军事理论,1.0
中国医学史,2.5
医古文,5
形势与政策,0.5
形势与政策,0.5
大学英语（3）,3.0
程序设计思想与方法（C++）,3.0
程序设计思想与方法（C++）,3.0
大学化学实验,1
军事理论,1.0
军事理论,1.0
C语言程序设计,3
C语言程序设计,3
计算导论,4
离散数学（A类）,3
形势与政策,0.5
形势与政策,0.5
形势与政策,0.5
形势与政策,0.5
形势与政策,0.5
大学英语（3）,3.0
经济与法律,2
初级法语语法（1）,6
土壤与植物营养学,2
形势与政策,0.5
大学英语（2）,3
大学英语（2）,3
大学英语（4）,3.0
大学英语（2）,3
大学英语（2）,3
军事理论,1.0
军事理论,1.0
大学化学实验,1
大学化学实验,1
大学化学实验,1
大学化学实验,1
大学化学实验,1
大学化学实验,1
大学化学实验,1
思想道德修养与法律基础,3.0
体育（3）,1.0
电工与电子技术（A类）,2.5
大学英语（3）,3.0
高等数学IV,6
中级法语语法（1）,2
中级法语语法（1）,2
中级法语语法（1）,2
中级法语语法（1）,2
中级综合法语（1）,4
中级综合法语（1）,4
中级综合法语（1）,4
中国近现代史纲要,3
中国近现代史纲要,3
中国近现代史纲要,3
形势与政策,0.5
形势与政策,0.5
形势与政策,0.5
形势与政策,0.5
军事理论,1.0
中级综合法语（1）,4
中级法汉互译,2
中级法汉互译,2
实用法语听说（1）,2
实用法语听说（1）,2
实用法语听说（1）,2
实用法语听说（1）,2
汉语五（下）,2
管理学基础,3
军事理论,1.0
军事理论,1.0
军事理论,1.0
军事理论,1.0
军事理论,1.0
军事理论,1.0
程序设计思想与方法（C++）,3.0
大学化学实验,1
大学化学实验,1
大学化学实验,1
大学化学实验,1
大学化学实验,1
大学化学实验,1
大学化学实验,1
无机与分析化学,4
无机与分析化学,4
专业导论（数、理、统、天）,1
体育（3）,1.0
体育（3）,1.0
体育（3）,1.0
体育（3）,1.0
体育（3）,1.0
综合英语（A类）（1）,4
法语写作（1）,2
思想道德修养与法律基础,3.0
思想道德修养与法律基础,3.0
思想道德修养与法律基础,3.0
思想道德修养与法律基础,3.0
思想道德修养与法律基础,3.0
思想道德修养与法律基础,3.0
思想道德修养与法律基础,3.0
思想道德修养与法律基础,3.0
思想道德修养与法律基础,3.0
体育（3）,1.0
体育（3）,1.0
体育（3）,1.0
体育（3）,1.0
数学分析（荣誉）（1）,5
线性代数（荣誉）,3
体育（3）,1.0
体育（3）,1.0
体育（3）,1.0
体育（3）,1.0
体育（3）,1.0
体育（3）,1.0
高级汉语精读（1）,4
大学英语（1）,3
微积分基础,3
班轮运营管理与实务,2
高等数学（A）（1）,6.0
高等数学（A）（1）,6.0
体育（3）,1.0
体育（3）,1.0
初级法语语法（1）,6
初级综合法语（1）-A,6
初级综合法语（1）-A,6
初级综合法语（1）-A,6
初级综合法语（1）-B,3
工程师科技基础,4
程序设计思想与方法（C++）,3.0
程序设计思想与方法（C++）,3.0
中国文化概要,3
中国文化概要,3
高等数学（A）（1）,6.0
高等数学（A）（1）,6.0
线性代数（B类）,3.0
线性代数（B类）,3.0
高等数学（A）（1）,6.0
高等数学（A）（1）,6.0
高等数学（A）（1）,6.0
高等数学（A）（1）,6.0
体育（3）,1.0
体育（3）,1.0
体育（3）,1.0
体育（3）,1.0
体育（3）,1.0
体育（3）,1.0
大学物理（A类）（2）,4.0
大学英语（3）,3.0
体育（3）,1.0
快速无人机原型设计,2
媒介经营管理,2
思想政治与通识教育（1）,1
线性代数（B类）,3.0
计算机网络（A类）,2
形势与政策,0.5
金工实习（1）,1
体育（3）,1.0
体育（3）,1.0
体育（3）,1.0
体育（3）,1.0
大学物理（荣誉）（2）,4
新闻法规与伦理,3
新闻摄影与摄像,3
桥牌与博弈论,3
大学英语（3）,3.0
大学英语（4）,3.0
大学英语（4）,3.0
材料科学基础,2
机械工程实践项目,2
电磁学原理,3
液相物理化学,3
C程序与算法分析,2
泛函分析,4
线性代数,4
微分几何,4
高等数学III,6
高等数学（A）（1）,6.0
中国近现代史纲要,3
体育（3）,1.0
体育（3）,1.0
物理学引论（A类）（2）,5
物理学引论（A类）（2）,5
中国近现代史纲要,3
中国近现代史纲要,3
中国近现代史纲要,3
中国近现代史纲要,3
体育（3）,1.0
体育（3）,1.0
体育（3）,1.0
体育（3）,1.0
体育（3）,1.0
实变函数,4
高等数学（A）（1）,6.0
高等数学（A）（1）,6.0
高等数学（A）（1）,6.0
高等数学（A）（1）,6.0
高等数学（A）（1）,6.0
高等数学（A）（1）,6.0
体育（3）,1.0
体育（3）,1.0
体育（3）,1.0
体育（3）,1.0
体育（3）,1.0
体育（3）,1.0
体育（3）,1.0
体育（3）,1.0
体育（3）,1.0
体育（3）,1.0
体育（3）,1.0
大学英语（4）,3.0
大学英语（4）,3.0
大学英语（1）,3
大学英语（1）,3
大学英语（1）,3
大学英语（1）,3
电视新闻报道,3
影视剪辑,3
影视精品赏析（1－3）,2
数字信号处理（AI）,3
文化艺术英语,4
人工智能理论及应用,4
机器学习与知识发现,3
大学英语（4）,3.0
大学英语（4）,3.0
大学英语（4）,3.0
体育（3）,1.0
体育（3）,1.0
体育（3）,1.0
体育（3）,1.0
大学英语（3）,3.0
大学英语（3）,3.0
大学英语（3）,3.0
大学英语（3）,3.0
大学英语（3）,3.0
大学英语（3）,3.0
大学英语（3）,3.0
军事理论,1.0
军事理论,1.0
军事理论,1.0
军事理论,1.0
军事理论,1.0
军事理论,1.0
军事理论,1.0
军事理论,1.0
体育（3）,1.0
体育（3）,1.0
体育（3）,1.0
体育（3）,1.0
体育（3）,1.0
体育（3）,1.0
体育（3）,1.0
体育（3）,1.0
体育（3）,1.0
大学英语（4）,3.0
大学英语（4）,3.0
大学英语（4）,3.0
体育（3）,1.0
体育（3）,1.0
体育（3）,1.0
体育（3）,1.0
体育（3）,1.0
体育（3）,1.0
人文社科与经管（2）,2
线性代数（B类）,3.0
初等数论,3
数学分析（D类）（2）,3
大学英语（2）,3
大学英语（2）,3
工程学导论,3.0
工程学导论,3.0
工程学导论,3.0
工程学导论,3.0
工程学导论,3.0
工程学导论,3.0
工程学导论,3.0
军事理论,1.0
军事理论,1.0
专业讨论课,2
化学原理,3
商务法语（1）,2
商务法语（1）,2
商务法语（1）,2
英语科技文献分析与写作,2
英语科技文献分析与写作,2
英语科技文献分析与写作,2
体育（3）,1.0
体育（3）,1.0
体育（3）,1.0
体育（3）,1.0
体育（3）,1.0
体育（3）,1.0
生物学导论（微观生物学）,4
体育（3）,1.0
体育（3）,1.0
体育（3）,1.0
体育（3）,1.0
体育（3）,1.0
化学原理与分析实验,2
化学原理实验,3
分析化学（1）,1.5
体育（3）,1.0
体育（3）,1.0
体育（3）,1.0
体育（3）,1.0
大学英语（3）,3.0
大学英语（3）,3.0
大学英语（3）,3.0
大学英语（3）,3.0
计算机科学导论,3
大学英语（1）,3
大学英语（1）,3
大学英语（1）,3
大学英语（1）,3
大学英语（1）,3
大学英语（3）,3.0
大学英语（3）,3.0
大学英语（3）,3.0
大学英语（3）,3.0
大学英语（3）,3.0
大学英语（3）,3.0
大学英语（3）,3.0
军事理论,1.0
造型与表达,2
体育（3）,1.0
会计学,3
会计学,3
素描（1）,4.0
工业设计史,1.0
专题设计（1）,1.0
设计概论,2.0
素描（1）,4.0
色彩（Ⅰ）,4.0
设计概论,2.0
设计基础（A类）（1）,3.0
平面构成,3.0
创新思维与现代设计（荣誉）,2
大学英语（1）,3
大学英语（1）,3
大学英语（1）,3
大学英语（1）,3
大学英语（1）,3
大学英语（1）,3
大学英语（1）,3
大学化学,2.0
大学化学,2.0
大学化学,2.0
大学化学,2.0
大学化学,2.0
体育（1）,1.0
大学英语（3）,3.0
工程学导论,3.0
工程学导论,3.0
工程学导论,3.0
工程学导论,3.0
工程学导论,3.0
工程学导论,3.0
工程学导论,3.0
工程学导论,3.0
工程学导论,3.0
民法总论,3
法学导论,2
体育（1）,1.0
生物学导论讨论课（1）,2
生物学导论讨论课（1）,2
形势与政策,0.5
形势与政策,0.5
形势与政策,0.5
大学英语（1）,3
大学英语（1）,3
大学英语（2）,3
大学英语（2）,3
中国法制史,2
中国文化史,2
新闻学导论（A类）,2
生命科学导论实验（A类）,1
形势与政策,0.5
形势与政策,0.5
形势与政策,0.5
形势与政策,0.5
形势与政策,0.5
体育（1）,1.0
大学物理（B类）（1）,3
形势与政策,0.5
形势与政策,0.5
自然科学基础,2
自然科学基础,2
等离子体物理,3
德语（5）,2
数码图文编辑与版式设计,3
新闻解读,2
大学应用写作（A类）,3
人际传播,2
线性代数,4
微分几何,4
电磁学原理,3
大学化学实验,1
程序设计思想与方法（荣誉）（C++）,3
程序设计思想与方法（荣誉）（C++）,3
大学英语（1）,3
大学英语（3）,3.0
大学英语（3）,3.0
大学英语（3）,3.0
大学英语（2）,3
大学英语（2）,3
大学化学实验,1
大学化学实验,1
大学化学实验,1
大学化学实验,1
大学化学实验,1
大学化学实验,1
大学英语（2）,3
大学英语（2）,3
大学英语（2）,3
程序设计思想与方法（C++）,3.0
体育（3）,1.0
体育（3）,1.0
体育（3）,1.0
体育（3）,1.0
体育（3）,1.0
体育（3）,1.0
大学英语（3）,3.0
程序设计思想与方法（C++）,3.0
程序设计思想与方法（C++）,3.0
程序设计思想与方法（C++）,3.0
程序设计思想与方法（C++）,3.0
程序设计思想与方法（C++）,3.0
程序设计思想与方法（C++）,3.0
程序设计思想与方法（C++）,3.0
程序设计思想与方法（C++）,3.0
程序设计思想与方法（C++）,3.0
生命科学导论实验（A类）,1
生物学概论,3
生命科学进展,2
普通生物学,2
普通生物学,2
读书报告（一）（前期导师制活动）,1
人文教授讲堂,2
中国现代文学史,3
中国文学史（1）,4
西方文学史（1）,3
东西方文化概论,2
心理与行为,2
心理与行为,2
心理与行为,2
大学英语（3）,3.0
大学英语（3）,3.0
体育（1）,1.0
体育（1）,1.0
体育（1）,1.0
体育（1）,1.0
体育（1）,1.0
体育（1）,1.0
体育（1）,1.0
体育（1）,1.0
体育（1）,1.0
心理与行为,2
线性代数（B类）,3.0
线性代数（B类）,3.0
线性代数（B类）,3.0
体育（1）,1.0
体育（1）,1.0
体育（1）,1.0
英语写作（M类）（2）,2
农业有害生物防控的基因设计,2
大学化学实验,1
大学医科数学（C类）,4
大学医科数学（C类）,4
数学分析（荣誉）（1）,6
微积分基础,3
微积分基础,3
微积分基础,3
数学分析（A类）（1）,5
形势与政策,0.5
形势与政策,0.5
线性代数（B类）,3.0
走进海洋,2
体育（3）,1.0
体育（3）,1.0
体育（1）,1.0
体育（1）,1.0
体育（1）,1.0
体育（1）,1.0
体育（1）,1.0
体育（1）,1.0
初级汉语精读（1）,8
初级汉语口语（1）,8
初级汉语听力（1）,4
弹性力学,3
汉语三（下）,2
汉语五（上）,2
体育（5）,1
大学物理实验（2）,1
汉语写作（A类）（1）,2.0
汉语写作（A类）（1）,2.0
船舶原理（1－静力学与阻力）,3
船舶原理（1－静力学与阻力）,3
管理学基础,3
计算机系统工程,4
城市规划原理,2
人工智能,4
毕业论文绪论,1
近代物理（电子类）,2
应用生物信息学,2
近代物理（电子类）,2
生物信息学（C类）,3
计算结构生物学,2
光电子学基础,3
图像处理与内容分析,2
计算通信理论,2
质量控制与质量管理,3
细胞生物学实验,1
生物质能源转化与利用,3
太阳能热利用原理与技术,3
生态规划设计原理,2
算法设计与分析,4
计算机网络（D类）,3
建筑结构（1）,2
云计算技术,3
智能电网,3
混凝土结构原理,4
计算机图形学,3
工程材料与焊接基础,3
传热学（B类）,2.5
热工测试技术,2.5
辐射测量与防护,2
核反应堆物理,3
生产计划与控制,4
生产实习（软件工程）,16
日汉互译（2）,2
日本近现代文学欣赏（2）,2
日语视听说（4）,2
日语泛读（3）,2
日语语法,2
日语写作（2）,2
日语精读（5）,6
综合英语,4
德语词汇学,2
高级德语（3）,4
德语高级口译,2
德国经济,2
跨文化交际学,2
公共部门绩效管理,3
政府规制,2
西方现代文艺思潮,2
读书报告（三）（专业导师制活动）,1
核工程管理,2
核工程课程设计,3
动力机械强度与分析,3
钢结构设计,2
混凝土结构课程设计,2
隧道与地下工程,2
动物病理学,2
动物生物技术,2
综合英语,4
汉语写作（A类）（1）,2.0
中文报刊阅读,2
中文报刊阅读,2
基础法语（2）,9
环境数学模型,2
体育（5）,1
体育（5）,1
体育（5）,1
体育（5）,1
体育（5）,1
体育（5）,1
大学物理实验（2）,1
大学物理实验（2）,1
大学物理实验（2）,1
应用电化学,2
材料制造数字化技术基础,4
材料连接过程控制,2
经贸口语（1）,2
无机合成,2
经贸口语（1）,2
配位化学,2
材料加工工艺和设备,4
高分子物理,2
金属有机化学,2
有机合成,2
固体化学,2
现代分析方法,2
现代电化学,2
仪器分析实验,1.5
物理化学（3）,3
科研能力培养（5）,2
经贸写作,2
经贸写作,2
经贸写作,2
商务汉语综合（1）,4
商务汉语综合（1）,4
汉语阅读(1),2
中国现代文学,2
中国现当代文学,2
中国经济与政治,2
数理金融,3
微生物资源与利用,2
多元统计,3
代数数论,2
编码与密码,2
科学计算选讲,2
基因工程实验,1
基因工程（B类）,2
偏微分方程,4
数学规划,3
环境工程学,3
环境科学综合实验,1.5
翻译理论与实践,2
英语报刊阅读,2
商务英语实践,2
商务英语实践,2
研究方法与论文写作,2
研究方法与论文写作,2
英汉翻译（1）,2.0
工程项目管理,2
国际集装箱多式联运课程设计,1
智能运输系统,2
管理信息系统,2
毕业实习,1
工程实践与科技创新Ⅱ-A,2
工程实践与科技创新Ⅱ-B,2
电路系统综合,3
电路系统综合,3
会计学,2
数理方法,3.0
基本电路实验,2
基本电路实验,2
基本电路实验,2
电路系统综合实验,2
广告摄影,2
景观规划设计理论与方法,3.0
室内设计（3）,6.0
景观设计（1）,6.0
品牌文化设计,6.0
环境生物化学,2
环境微生物学,3
设计素描,2
大学物理实验（2）,1
材料结构,4
材料力学行为,3
材料综合实验（1）,2
材料综合实验（1）,2
材料工程导论,2
材料性能（1－力学性能）,2
材料性能（1－力学性能）,2
半导体物理,3
物理研究实践V,1
专业实习(核工程与核科学),6
物理研究实践III,1
工程项目管理（材料）,2
卓越工程师计划课程设计,2
复合材料制备科学,3
复合材料结构、性能与表征,3
塑性成形技术及其工艺解析,2
现代模具数字化设计与制造技术,2
塑性成形设备及自动化,2
半导体物理,3
燃烧学,3
电力电子技术基础,3
发动机设计,3
大学物理实验（2）,1
大学物理实验（2）,1
大学物理实验（2）,1
大学物理实验（2）,1
基本电路理论,4.0
基本电路理论,4.0
基本电路理论,4.0
数字电子技术,3
数字电子技术,3
数字电子技术,3
基本电路实验,2
基本电路实验,2
通用英语(2A),5
公共部门人力资源管理,3
领导科学与艺术,2
公共管理名著选读,3
博弈论,2
大数据分析,3
可靠性设计,2
测试原理与技术,3
测试原理与技术,3
测试原理与技术,3
测试原理与技术,3
测试原理与技术,3
测试原理与技术,3
通用英语(2B),5
中国概况（B类）,2
中国概况（B类）,2
工程流体力学（A类）,3
功能基因组学,2
生物化学（D类）实验,2
代谢工程,2
光电子集成技术与工艺,2
专业实习（法学）,12
合同法,2
竞争法,2
保险法,2
劳动和社会保障法,2
环境资源保护法,2
国际经济法,2
公司法,2
交互设计技术基础,3.0
测试原理与技术,3
海洋结构物动力学,2
电力系统潮流计算机分析,2
电力系统潮流计算机分析,2
细胞生物学（B类）,3
科学研究与创新实践,6
化学生物学基础,2
操作系统课程设计,2
计算机处理器与系统,3
微纳电子系统综合设计-I,3
文化经济学,3
文化消费学概论,2
中国现代文化思潮概论,3
文化商务写作,2
光电子学基础,3
电力系统优化运行与市场化,2
机械与动力综合实验I-A,3
通信原理与实验,5
当代建筑与思潮,2
工程地质,2
经济学原理（A类）,4
经济学原理（A类）,4
热力学与统计物理,4
热力学与统计物理,4
光电子信息导论,3
凝聚态物理学,3
核物理和粒子物理导论,3
量子力学II,3
量子力学II,3
材料连接工程学课程设计,2
药物设计与开发Ⅱ（生物药）,2
药剂学实验,1
机械与动力综合实验I-A,3
通信原理与实验,5
通信原理与实验,5
通信原理与实验,5
通信原理与实验,5
继电保护课程设计,2
继电保护课程设计,2
变电站电气部分课程设计,2
航天器控制,3
生药学,2
药事管理,2
卫星导航,3
先进核能系统,2
汉语视听（1）,4.0
中级汉语口语（1）,4.0
中级汉语口语（1）,4.0
中级汉语口语（1）,4.0
通用英语(1A),5
通用英语(1B),5
体育（5）,1
体育（5）,1
体育（5）,1
飞行力学,3
数字信号处理（D类）,3
生物化学,3
集装箱与国际多式联运,2
建筑文化,2
园林工程学,3
环境资源与植物保护综合实验,3
食品营养与功能,2
生物统计与试验设计,2.5
系统模型、分析与控制(A类),4
系统模型、分析与控制(A类),4
系统模型、分析与控制(A类),4
系统模型、分析与控制(A类),4
园林生态综合实验,1.5
工程实践与科技创新Ⅲ-A（卓工）,2
中国园林与戏曲,2
二十世纪中国文学思潮,2
电工与电子技术（B类）,3
工程实践与科技创新Ⅲ-A,2
光纤通信概论,2
光纤通信概论,2
模式识别导论,2
自动化仪表,2
高级财务会计,2
审计学,3
电子商务（B类）,2
管理学原理（B类）,2
市场营销学（B类）,3
系统模型、分析与控制(A类),4
细胞生物学实验,1
细胞生物学实验,1
并行与分布式程序设计,3
计算复杂性,3
家具设计,3.0
土木工程应用软件,2
数字图像处理,3
结构试验,2
计算理论,3
运动控制系统,3
设计与制造Ⅱ,4
设计与制造Ⅱ,4
设计与制造Ⅱ,4
设计与制造Ⅱ,4
设计与制造Ⅱ,4
媒介经营与管理,3
数字信号处理,3
模拟集成电路设计,4
操作系统（E类）,3
文化创意与策划,3
文化研究概论,3
算法原理,3.0
计算机网络,3
单片机系统设计,3
船舶动力装置故障诊断及可靠性,2
单片机系统设计,3
电网数字化保护控制技术及应用,2
系统模型、分析与控制(A类),4
系统模型、分析与控制(A类),4
生物统计与试验设计,2.5
系统模型、分析与控制(A类),4
分子生物学,3
系统模型、分析与控制(A类),4
园林植物综合实验,1.5
药理学,3
设计与制造Ⅱ,4
设计与制造Ⅱ,4
船舶结构力学,4
微波技术,3
船舶结构力学,4
微波技术,3
园林植物综合实验,1.5
电工与电子技术（B类）实验,1.5
中国佛教,2
流体力学（C类）（2）,3
工程力学,4
弹性理论（1）,2.5
精密仪器设计（1）,4
静态测试原理与工程应用,3
测试与控制电路,2
船舶动力数字测控技术,2
测试原理与技术,3
电网数字化保护控制技术及应用,2
分子生物学（F类）,4
计算通信理论,2
动力工程,3
微波技术,3
工程热力学,3
海洋工程环境学,2
植物生理学实验,1.0
植物生理学,2.0
植物育种学,2
新能源系统及其应用,3
控制理论,4
建筑能源管理与控制,3
燃料电池技术,3
日语口译（1）,2
激光原理与技术,2
网络安全导论,2
视觉定位与感知,2
空时无线信道导论,2
细胞生物学（B类）,3
感性工学,3.0
专题设计（4）,1.0
产品设计（2）,5.0
交通工具设计基础,3.0
交通工具设计,5.0
光电检测技术,2
法学前沿讲座,2
国际金融法,2
智能仪器课程设计,1
金融法,2
模拟法庭,1
法律诊所,2
计算化学理论与实践,1.5
电力系统优化运行与市场化,2
振动理论,3
建筑设备概论,2
工程事故分析和处理,2
交通工程基础,2
国际海事政策与法规,2
物流与供应链管理,2
介质工程与光纤技术,2
纳米工程导论,1
材料化工导论,1
文献检索,1
应用催化,2
化工专业实验,4
分离工程,2
化学工程前沿专题,1
物理化学(A)(3),3
高分子化学,4.0
高分子物理,4
生物无机化学,2
自动控制原理（B类）,3
日语精读（7）,4
人工智能（B类）,3
数据库技术,3.0
互联网信息抽取技术,3
土力学与基础工程,4
工程材料性能和选用,4
材料物理,4
计算机辅助手术与治疗技术,2
生物信息学导论与方法,2
磁共振成像原理及应用,2
固体力学与结构,3
算法与数据结构（A类）,3
空气动力学（2）,3
数据库原理,3
道路工程,2
数字图像处理,3
防灾工程学导论,2
结构力学（B类）（2）,2
核燃料循环,2
设计与制造Ⅱ,4
设计与制造Ⅱ,4
设计与制造Ⅱ,4
金融工程,2
设计与制造Ⅱ,4
先进制造技术,2
决策理论与方法,2
设计与制造Ⅱ,4
微波技术,3
船舶贸易与经营,2
自动控制原理B,3
自动控制原理B,3
自动控制原理B,3
自动控制原理B,3
自动控制原理B,3
电磁场,2
通信原理（B类）,2
通信原理（B类）,2
科技实习与创新－生物工程（2）,1
信息系统安全评估,2
信息内容安全的理论与应用,2
网络安全防御技术,2
电机学,4
电机学,4
电机学,4
解剖与生理（1）,2
广告创意设计,2
金属材料强韧化及组织调控,3
复合材料设计原理,2
论文写作,2
古代汉语（2）,2
论文写作,2
论文写作,2
论文写作,2
深度学习及应用,2
控制系统仿真,2
传热学,3
电机学,4
数字信号处理（B类）,2
数字信号处理（B类）,2
系统模型、分析与控制(B类),3
植物育种学原理,3
植物保护概论,2.0
机械设计基础,3
机械设计基础,3
机械设计基础,3
机械设计基础,3
机械设计基础,3
机械设计基础,3
船舶与海洋工程自主创新实验,3
JAVA语言,2
操作系统（A类）,2
线性规划与非线性规划,2
倒立摆系统课程设计,1
运动控制系统课程设计,1
数据库原理与应用,2
燃气轮机与汽轮机,3
风景写生（A类）,3
风景写生（A类）,3
电力系统基础,4
风景园林规划设计（1）,3
电力电子技术,4
风景园林规划设计（1）,3
基坑工程课程设计,2
建设法规,1
明清小说研究,2
中国商务文化,2
中国商务文化,2
汉语写作（B类）（3）,2
中国古代文学（1）,2
现代汉语（B类）（1）,4
化工原理基础实验,1.5
现代汉语（B类）（1）,4
化工原理基础实验,1.5
高分子材料基础,2
现代汉语（B类）（1）,4
药物研发实验,2
电力电子技术,3
数字图像处理基础,2
计算方法,2.0
密码学与信息安全基础,3
密码学与信息安全基础,3
信息论与编码技术,2
计算机网络（D类）,3
计算机网络（D类）,3
建设法规,1
材料制造数字化技术基础,4
应用电化学,3
金属材料科学课程设计,2
材料物理,4
材料物理,4
复合材料课程设计,2
材料物理,4
数字图像处理基础,2
机器人学,2
量子力学II,4
钢筋混凝土结构,3
数据库（C类）,2
软件工程（C类）,2
计算机通讯与网络,2
设施园艺学,2
草坪学,2
植物生产综合实验,2
船舶与海洋工程自主创新实验,3
船舶与海洋工程自主创新实验,3
科研能力培养（3）,2
临床药学,2
生物反应与过程工程,2
复变函数续论（A）,2
微分流形,3
药物合成反应,2
药物结构解析,2
船舶原理与结构,3
船舶原理与结构,3.5
园艺植物发育生物学,2
能源材料,3
结构分析导论,3
仪器分析实验（A类）,1.5
噪声污染控制课程设计,2
固体废弃物处理与处置课程设计,2
机械动力学与振动学,3
工程实践与科技创新Ⅳ-F,2
工程实践与科技创新Ⅳ-F,2
自然语言处理,3
工程实践与科技创新Ⅲ-D,2
网络优化,3
计算机视觉,3
设计与制造Ⅱ,4
动物生物技术科技创新（1）,3
饲料兽药检测,3
毕业设计（论文）（信工）上,6
毕业设计（论文）（电科）上,6
大数据分析,2
工程材料,3
工程材料,3
数字信号处理,3
机械动力学与振动学,3
工程材料,3
船舶与海洋工程结构设计,3
工程材料,3
机械动力学与振动学,3
工程材料,3
机械动力学与振动学,3
材料连接质量检测与评估,2
中国民俗,2
中国民俗,2
科学研究实践,10
化工过程控制,2
当代话题,2
化工热力学,3
金融汉语综合（1）,4
问题求解指导(1),4
自动控制原理A,4
自动控制原理A,4
生物学实验（3）,4
医学仪器课程设计,2
细胞生物学讨论课,2
项目管理,2
生产系统建模与仿真,2
产品工程,3
物流与供应链,3
人因工程,3
光纤通信概论,2
随机过程,4
热力学与统计物理,4
物理研究实践III,1
激光等离子体物理,2
编译原理（C类）,3
数字系统设计,3
数字信号处理（E类）,3
信息论与编码,2
信息安全的数学基础（2）,3
信息安全科技创新,2
计算机通信网络(A类),3
计算流体力学基础,3
计算机通信网络(A类),3
专业前沿与特色,2
细胞生物学,4
高分子流变学,2
无机合成,2
高分子化学,2
交通实验与计算机应用,3
海洋工程环境载荷与水动力性能,2
高性能船理论,2
工程材料,3
机械动力学与振动学,3
工程材料,3
船舶设计原理,4
机械动力学与振动学,3
数字信号处理,3
工程材料,3
工程材料,3
机器学习,2
企业软件过程与管理,1
视频编码与通信,3
视频编码与通信,3
半导体物理与器件,2
半导体物理与器件,2
动物营养学,2
动物繁殖学,2
动物免疫学,2
算法设计与分析,3
数理逻辑,3
生物信息学综合实验,2
生物工程单元操作原理（2）,2
园林建筑构造,1
电机的DSP控制课程设计,2
高压数字测量系统课程设计,2
工程实践与科技创新Ⅱ-A,2
俄苏文化读本,2
跨文化传播实务,2
现代图学,4
电子材料与电子制造,2
材料制造数字化技术基础,4
化工原理(下),4
经贸口语（1）,2
生物工程综合实验,2
生物技术综合实验,2
生物材料综合实验,2
生物医学信号处理综合实验,2
生物医学光子学,2
近代显微学-仪器原理与生物应用,2
电力电子技术基础,3
天然药物实验1,1.5
仪器分析实验（A类）,1.5
仪器分析实验（A类）,1.5
高分子化学与物理,3
半导体材料与器件,2
复合材料,3
生物医用材料,3
材料建模与计算,3
数据结构B,2
科技实习与创新－生物技术（2）,1
科技实习与创新－生物信息学（2）,1
系统设计中的人为因素,2
计算机视觉,3
计算复杂性,3
系统设计中的人为因素,2
实验室实践（1）,3
蛋白质与酶工程,2
应用流体力学,2
大型工程软件应用,3
流体力学（土木）,2
工程流体力学（A类）,3
工程流体力学（A类）,3
工程流体力学（A类）,3
工程流体力学（A类）,3
工程流体力学（A类）,3
新闻与传播系列前沿讲座（高端讲座）,3
互联网与新媒体发展案例研究,2
传播批判理论,2
计算机安全,3
中国文化概论,4
中国简史,2
电力电子技术基础,3
电气工程基础（1）,4
电气工程基础（1）,4
电气工程基础（1）,4
系统软件课程设计,2
Internet安全协议与分析,2
人工智能导论（A类）,2
光纤通信概论,2
光纤通信概论,2
机器学习,2
企业软件质量保证,1
德国企业经营管理,2
德语文学专题,2
农业生态学,2
模拟国际会议活动,2
高级德语（1）,6
德语高级视听说（1）,2
植物保护学,3
德语报刊阅读,2
德汉互译（笔译）,2
环境监测与环境影响评价,3
德语国家国情学,2
经贸德语,2
电力电子技术基础,3
航空人为因素,3
适航管理与符合性验证,3
货币银行学（C类）,2
热处理与智能化,3
偏微分方程,4
微分几何,4
专业研讨课（3）,1
随机过程,3
数字信号处理（A类）,2
图与网络,3
模式识别导论,2
德语文学导论,2
无损检测,2
时尚与品牌设计（一）,3.0
时尚与品牌设计（二）,3.0
跨媒体综合设计（一）,4.0
跨媒体综合设计（二）,4.0
公共项目管理,2
可持续能源,2
现代汉语（B类）（1）,4
材料连接原理与工艺,3
化工原理实验(上),2
中国概况（B类）,2
创意美学实践,2.0
外国古代建筑史,2
建筑设计及原理（2-1）,8
室内设计原理,2
建筑物理,4
建筑构造（2）,2
中外影视精品分析,2
时间序列分析,3
汽车电器与电子技术,3
船舶可靠性,2
机械与动力综合实验I-A,3
机械与动力综合实验I-A,3
塑性成形过程计算机仿真,2
非金属基复合材料,2
高分子材料成型技术,2
材料塑性加工新技术,2
塑性成形及数字化制造课程设计,2
职业发展（2）,1
材料加工过程质量控制和管理,2
明清小说研究,2
信息光子学,2
生物工程单元操作实验（2）,1
分子生物学实验,1
核材料分析技术,2
材料连接方法与设备,3
中文报刊阅读,2
反应工程原理,3
专业研讨课（5）,1
汉语写作（A类）（1）,2.0
材料连接结构及工程设计,2
汉语综合课（3）,6.0
汉语综合课（3）,6.0
汉语综合课（3）,6.0
汉语视听（1）,4.0
汉语视听（1）,4.0
西方文论,3
中国古代文论,3
药学前沿,2
药剂学,3
飞行控制,3
药理学实验,1
通信原理与实验,5
机械与动力综合实验I-A,3
机械与动力综合实验I-A,3
自动控制原理,2
市场营销,2
高分子科学导论,2
毕业论文绪论,1
生物医学传感器,2
生物医学图像处理(1),2
生物物理,2
航空航天实验I,2
微机原理实验,1
微机原理,3
现代天线理论与技术,2
反应堆数值计算及应用,2
智能系统设计与实践,2
图像检测技术基础（中英文）,2
专业实习（广播影视编导）,13
影视表演基础,2
全球导航卫星系统（双语）,2
现代控制理论（A类）,2
传感器原理,3
工业测控技术与系统,2
结构力学（D类）,3
医学图像信息课程设计,2
流场测量理论与技术,2
食品工艺学实验,3
建筑设备（1）,2
建筑设计及原理（3-1）,8
英语经典散文选读(1),2
英语经典散文选读(1),2
计算机系统工程,5
数字部件设计,4
食品分析,2
计算机视觉,3
工程实践与科技创新Ⅲ-B,2
工程实践与科技创新Ⅲ-B,2
工程实践与科技创新Ⅲ-C,2
影视制作实践:电视专题片,3
广告学理论与实务,3
电气系统综合实验,2
电气设备综合实验,2
信息系统分析与设计,3
电气传动综合实验,2
汉译英（1）,2
汉译英（1）,2
食品化学,2
食品物性学,2
食品生物技术,2
食品发酵,2
食品分析实验,1.5
土壤污染控制及修复工程,2
水文学与水文地质学,2
空气质量观测与模拟,2
计算机图形学,3
专业实习(工业工程),3
专业实习(机械动力类),3.0
专业实习（新能源科学与工程）,3
生物统计方法,3
现代汽车制造,3
企业项目管理,3
数据库技术,3.0
广义函数,2
数理统计,4
实变函数,4
景观设计（4）,6.0
现代结构实验技术,2
机械优化设计方法,3
轮机自动化,2.5
电磁场数值计算,2
船舶动力装置,3
工程流体力学（A类）,3
微机控制技术,2
工程流体力学（A类）,3
固体废物资源化技术,2
环境土壤学,2
综合英语（B类）（3）,2.0
口译（1）,2
口译（1）,2
西方思想经典选读,4
西方思想经典选读,4
商务英语写作,2
商务英语写作,2
当代英语小说,2
当代英语小说,2
碳资源循环学,2
环境工程技术经济造价管理,2
国际物流地理,2
环境评价,2
大气污染控制工程,3
植物嫁接理论与技术,1
数字媒体艺术设计（3）,4
电视文艺编导,3
电影市场学,3
电视主持艺术,2
机械动力学与振动学,3
机械动力学与振动学,3
海洋平台设计原理,2
数字信号处理,3
机械动力学与振动学,3
数字信号处理,3
海洋油气集输,2
数字信号处理,3
动物生产学,3
信息系统工程,3
设计院实习,25
场地设计,2
水处理工程,3
机械动力学与振动学,3
船舶与海洋工程结构设计课程设计,2
机械动力学与振动学,3
工程材料,3
机械动力学与振动学,3
工程材料,3
现代舰船设计概论,2
工程材料,3
机械动力学与振动学,3
动物微生物学,2
编译原理与技术,3
电气设备的绝缘检测与故障诊断,2
电磁兼容技术,2
电机设计,2
现代电气技术讲座,1
英语听说（2）,3
体育市场调查,3
管理心理学,3
宏观经济学,2
微观经济学,3
思想道德修养与法律基础,3.0
社会实习与实践,10
管理学原理（D类）,3
组织管理研究方法,2
社会学原理（A类）,3
运营管理,2
体育英语（实用口语）,3
国际贸易理论与政策,3
管理伦理,3
体育赛事统计与方法,3
体育训练（1）,1
体育训练（3）,1
体育1,3
社会实习与实践,6
系统模型、分析与控制(A类),4
军事理论与军训,6
初级法语语法（1）,6
宏观经济学,2
体育英语（实用口语）,3
学术前沿课程,2
微生物的世界,2
微生物的世界,2
微生物的世界,2
微生物的世界,2
欧洲中世纪城市研究,2.0
